x,y1,y2,y3
0.145901,2.462736,0.790972
0.139657,2.474836,0.788487
0.135650,2.482886,0.786117
0.129842,2.494986,0.779792
0.124282,2.507086,0.779580
0.120716,2.515136,0.774158
0.115549,2.527236,0.772437
0.110606,2.539336,0.767718
0.105878,2.551436,0.763218
0.099160,2.569611,0.758646
0.094932,2.581711,0.751189
0.090889,2.593811,0.747602
0.085147,2.611986,0.744520
0.079781,2.630161,0.739351
0.074767,2.648336,0.731884
0.070081,2.666511,0.724284
0.064304,2.690761,0.718007
0.059027,2.715011,0.708318
0.054206,2.739261,0.704843
0.049801,2.763511,0.693134
0.045775,2.787761,0.684180
0.040372,2.824161,0.670138
0.035646,2.860561,0.663255
0.029637,2.915186,0.644026
0.024706,2.969811,0.619475
0.019465,3.042661,0.593817
0.015410,3.115511,0.554680
0.010952,3.224811,0.000750
0.004178,3.552811,0.000250
0.145901,2.462736,0.790784
0.139657,2.474836,0.787456
0.135650,2.482886,0.785334
0.129842,2.494986,0.781958
0.124282,2.507086,0.777226
0.120716,2.515136,0.774991
0.115549,2.527236,0.770753
0.110606,2.539336,0.767020
0.105878,2.551436,0.763195
0.099160,2.569611,0.755867
0.094932,2.581711,0.752948
0.090889,2.593811,0.747418
0.085147,2.611986,0.744825
0.079781,2.630161,0.735678
0.074767,2.648336,0.729635
0.070081,2.666511,0.722986
0.064304,2.690761,0.718361
0.059027,2.715011,0.712159
0.054206,2.739261,0.699720
0.049801,2.763511,0.690667
0.045775,2.787761,0.682047
0.040372,2.824161,0.677578
0.035646,2.860561,0.659279
0.029637,2.915186,0.637870
0.024706,2.969811,0.622485
0.019465,3.042661,0.599547
0.015410,3.115511,0.546287
0.010952,3.224811,0.000000
0.004178,3.552811,0.000250
0.145901,2.462736,0.791999
0.139657,2.474836,0.789667
0.135650,2.482886,0.786986
0.129842,2.494986,0.780816
0.124282,2.507086,0.777043
0.120716,2.515136,0.775025
0.115549,2.527236,0.770580
0.110606,2.539336,0.765932
0.105878,2.551436,0.761769
0.099160,2.569611,0.755793
0.094932,2.581711,0.752007
0.090889,2.593811,0.749482
0.085147,2.611986,0.743263
0.079781,2.630161,0.739531
0.074767,2.648336,0.733376
0.070081,2.666511,0.726397
0.064304,2.690761,0.716442
0.059027,2.715011,0.706984
0.054206,2.739261,0.699789
0.049801,2.763511,0.691305
0.045775,2.787761,0.688954
0.040372,2.824161,0.671564
0.035646,2.860561,0.656527
0.029637,2.915186,0.644588
0.024706,2.969811,0.616957
0.019465,3.042661,0.596940
0.015410,3.115511,0.558448
0.010952,3.224811,0.000000
0.004178,3.552811,0.000000
0.145901,2.462736,0.791794
0.139657,2.474836,0.787211
0.135650,2.482886,0.782704
0.129842,2.494986,0.782051
0.124282,2.507086,0.778305
0.120716,2.515136,0.774109
0.115549,2.527236,0.771073
0.110606,2.539336,0.767876
0.105878,2.551436,0.762687
0.099160,2.569611,0.754140
0.094932,2.581711,0.753097
0.090889,2.593811,0.750631
0.085147,2.611986,0.742714
0.079781,2.630161,0.736357
0.074767,2.648336,0.728727
0.070081,2.666511,0.724977
0.064304,2.690761,0.715307
0.059027,2.715011,0.703379
0.054206,2.739261,0.701799
0.049801,2.763511,0.696507
0.045775,2.787761,0.687722
0.040372,2.824161,0.673385
0.035646,2.860561,0.659877
0.029637,2.915186,0.643711
0.024706,2.969811,0.619698
0.019465,3.042661,0.594046
0.015410,3.115511,0.566276
0.010952,3.224811,0.000000
0.004178,3.552811,0.000250
0.145901,2.462736,0.792069
0.139657,2.474836,0.787239
0.135650,2.482886,0.785773
0.129842,2.494986,0.781686
0.124282,2.507086,0.777108
0.120716,2.515136,0.774222
0.115549,2.527236,0.770261
0.110606,2.539336,0.767836
0.105878,2.551436,0.764023
0.099160,2.569611,0.757670
0.094932,2.581711,0.752695
0.090889,2.593811,0.748249
0.085147,2.611986,0.740936
0.079781,2.630161,0.736712
0.074767,2.648336,0.728974
0.070081,2.666511,0.727114
0.064304,2.690761,0.718998
0.059027,2.715011,0.709245
0.054206,2.739261,0.702303
0.049801,2.763511,0.692136
0.045775,2.787761,0.687579
0.040372,2.824161,0.676093
0.035646,2.860561,0.661084
0.029637,2.915186,0.642487
0.024706,2.969811,0.624447
0.019465,3.042661,0.597904
0.015410,3.115511,0.565416
0.010952,3.224811,0.000000
0.004178,3.552811,0.000250
0.145901,2.462736,0.791693
0.139657,2.474836,0.788183
0.135650,2.482886,0.783073
0.129842,2.494986,0.780517
0.124282,2.507086,0.777307
0.120716,2.515136,0.774415
0.115549,2.527236,0.771855
0.110606,2.539336,0.766282
0.105878,2.551436,0.761901
0.099160,2.569611,0.756117
0.094932,2.581711,0.752191
0.090889,2.593811,0.748099
0.085147,2.611986,0.743354
0.079781,2.630161,0.739095
0.074767,2.648336,0.730572
0.070081,2.666511,0.725790
0.064304,2.690761,0.715190
0.059027,2.715011,0.707378
0.054206,2.739261,0.701653
0.049801,2.763511,0.693265
0.045775,2.787761,0.682032
0.040372,2.824161,0.673229
0.035646,2.860561,0.657152
0.029637,2.915186,0.639471
0.024706,2.969811,0.617034
0.019465,3.042661,0.599084
0.015410,3.115511,0.558471
0.010952,3.224811,0.000750
0.004178,3.552811,0.000000
0.145901,2.462736,0.792041
0.139657,2.474836,0.786820
0.135650,2.482886,0.785610
0.129842,2.494986,0.782982
0.124282,2.507086,0.777898
0.120716,2.515136,0.775065
0.115549,2.527236,0.771310
0.110606,2.539336,0.766040
0.105878,2.551436,0.763468
0.099160,2.569611,0.756686
0.094932,2.581711,0.751830
0.090889,2.593811,0.748570
0.085147,2.611986,0.742893
0.079781,2.630161,0.735209
0.074767,2.648336,0.730988
0.070081,2.666511,0.724731
0.064304,2.690761,0.715994
0.059027,2.715011,0.711153
0.054206,2.739261,0.698610
0.049801,2.763511,0.694401
0.045775,2.787761,0.684540
0.040372,2.824161,0.673225
0.035646,2.860561,0.662876
0.029637,2.915186,0.641993
0.024706,2.969811,0.625350
0.019465,3.042661,0.592522
0.015410,3.115511,0.550040
0.010952,3.224811,0.000000
0.004178,3.552811,0.001000
0.145901,2.462736,0.789909
0.139657,2.474836,0.786436
0.135650,2.482886,0.782583
0.129842,2.494986,0.782435
0.124282,2.507086,0.777988
0.120716,2.515136,0.775061
0.115549,2.527236,0.770950
0.110606,2.539336,0.766223
0.105878,2.551436,0.762815
0.099160,2.569611,0.754820
0.094932,2.581711,0.751764
0.090889,2.593811,0.746301
0.085147,2.611986,0.742588
0.079781,2.630161,0.735802
0.074767,2.648336,0.732149
0.070081,2.666511,0.728383
0.064304,2.690761,0.716637
0.059027,2.715011,0.704837
0.054206,2.739261,0.700560
0.049801,2.763511,0.691271
0.045775,2.787761,0.683448
0.040372,2.824161,0.672041
0.035646,2.860561,0.658766
0.029637,2.915186,0.639002
0.024706,2.969811,0.626620
0.019465,3.042661,0.594117
0.015410,3.115511,0.566202
0.010952,3.224811,0.000250
0.004178,3.552811,0.000500
0.145901,2.462736,0.792168
0.139657,2.474836,0.787000
0.135650,2.482886,0.785946
0.129842,2.494986,0.780435
0.124282,2.507086,0.779777
0.120716,2.515136,0.772816
0.115549,2.527236,0.770178
0.110606,2.539336,0.768385
0.105878,2.551436,0.764315
0.099160,2.569611,0.755626
0.094932,2.581711,0.752977
0.090889,2.593811,0.745038
0.085147,2.611986,0.741901
0.079781,2.630161,0.739786
0.074767,2.648336,0.729710
0.070081,2.666511,0.723472
0.064304,2.690761,0.717339
0.059027,2.715011,0.709399
0.054206,2.739261,0.699262
0.049801,2.763511,0.696711
0.045775,2.787761,0.688439
0.040372,2.824161,0.671305
0.035646,2.860561,0.660395
0.029637,2.915186,0.638435
0.024706,2.969811,0.617215
0.019465,3.042661,0.594173
0.015410,3.115511,0.561736
0.010952,3.224811,0.000000
0.004178,3.552811,0.000750
0.145901,2.462736,0.792077
0.139657,2.474836,0.787257
0.135650,2.482886,0.783807
0.129842,2.494986,0.779905
0.124282,2.507086,0.777401
0.120716,2.515136,0.771383
0.115549,2.527236,0.770330
0.110606,2.539336,0.767974
0.105878,2.551436,0.762164
0.099160,2.569611,0.755561
0.094932,2.581711,0.752567
0.090889,2.593811,0.747248
0.085147,2.611986,0.742119
0.079781,2.630161,0.737750
0.074767,2.648336,0.729544
0.070081,2.666511,0.722347
0.064304,2.690761,0.722140
0.059027,2.715011,0.709551
0.054206,2.739261,0.703597
0.049801,2.763511,0.691834
0.045775,2.787761,0.684832
0.040372,2.824161,0.674823
0.035646,2.860561,0.657022
0.029637,2.915186,0.646807
0.024706,2.969811,0.625774
0.019465,3.042661,0.594876
0.015410,3.115511,0.562810
0.010952,3.224811,0.000000
0.004178,3.552811,0.000000
0.145901,2.462736,0.792222
0.139657,2.474836,0.786333
0.135650,2.482886,0.785831
0.129842,2.494986,0.781640
0.124282,2.507086,0.778050
0.120716,2.515136,0.774398
0.115549,2.527236,0.771749
0.110606,2.539336,0.766985
0.105878,2.551436,0.763136
0.099160,2.569611,0.757466
0.094932,2.581711,0.751752
0.090889,2.593811,0.749928
0.085147,2.611986,0.743961
0.079781,2.630161,0.738064
0.074767,2.648336,0.733305
0.070081,2.666511,0.726910
0.064304,2.690761,0.716764
0.059027,2.715011,0.708317
0.054206,2.739261,0.700086
0.049801,2.763511,0.696349
0.045775,2.787761,0.685811
0.040372,2.824161,0.672147
0.035646,2.860561,0.662220
0.029637,2.915186,0.638635
0.024706,2.969811,0.624343
0.019465,3.042661,0.602517
0.015410,3.115511,0.562122
0.010952,3.224811,0.000750
0.004178,3.552811,0.000000
0.145901,2.462736,0.791380
0.139657,2.474836,0.787886
0.135650,2.482886,0.785010
0.129842,2.494986,0.781613
0.124282,2.507086,0.776668
0.120716,2.515136,0.774347
0.115549,2.527236,0.768183
0.110606,2.539336,0.768053
0.105878,2.551436,0.759981
0.099160,2.569611,0.759455
0.094932,2.581711,0.752243
0.090889,2.593811,0.750561
0.085147,2.611986,0.742142
0.079781,2.630161,0.738133
0.074767,2.648336,0.730524
0.070081,2.666511,0.722836
0.064304,2.690761,0.716473
0.059027,2.715011,0.708601
0.054206,2.739261,0.700905
0.049801,2.763511,0.693546
0.045775,2.787761,0.684487
0.040372,2.824161,0.672957
0.035646,2.860561,0.663740
0.029637,2.915186,0.644145
0.024706,2.969811,0.622282
0.019465,3.042661,0.591895
0.015410,3.115511,0.574874
0.010952,3.224811,0.000000
0.004178,3.552811,0.000000
0.145901,2.462736,0.790836
0.139657,2.474836,0.787391
0.135650,2.482886,0.784676
0.129842,2.494986,0.780277
0.124282,2.507086,0.775039
0.120716,2.515136,0.775645
0.115549,2.527236,0.771849
0.110606,2.539336,0.768118
0.105878,2.551436,0.761354
0.099160,2.569611,0.759674
0.094932,2.581711,0.750626
0.090889,2.593811,0.750081
0.085147,2.611986,0.743097
0.079781,2.630161,0.738391
0.074767,2.648336,0.731773
0.070081,2.666511,0.724004
0.064304,2.690761,0.713712
0.059027,2.715011,0.705723
0.054206,2.739261,0.703870
0.049801,2.763511,0.692093
0.045775,2.787761,0.684633
0.040372,2.824161,0.673497
0.035646,2.860561,0.657626
0.029637,2.915186,0.641262
0.024706,2.969811,0.619863
0.019465,3.042661,0.597749
0.015410,3.115511,0.559491
0.010952,3.224811,0.000000
0.004178,3.552811,0.002500
0.145901,2.462736,0.792060
0.139657,2.474836,0.787426
0.135650,2.482886,0.783240
0.129842,2.494986,0.781704
0.124282,2.507086,0.775174
0.120716,2.515136,0.774480
0.115549,2.527236,0.769894
0.110606,2.539336,0.765588
0.105878,2.551436,0.762624
0.099160,2.569611,0.758682
0.094932,2.581711,0.752999
0.090889,2.593811,0.746224
0.085147,2.611986,0.742955
0.079781,2.630161,0.737416
0.074767,2.648336,0.729929
0.070081,2.666511,0.725916
0.064304,2.690761,0.719252
0.059027,2.715011,0.711446
0.054206,2.739261,0.705309
0.049801,2.763511,0.694133
0.045775,2.787761,0.685162
0.040372,2.824161,0.675656
0.035646,2.860561,0.663442
0.029637,2.915186,0.642298
0.024706,2.969811,0.620502
0.019465,3.042661,0.597522
0.015410,3.115511,0.550873
0.010952,3.224811,0.000000
0.004178,3.552811,0.000250
0.145901,2.462736,0.790871
0.139657,2.474836,0.787048
0.135650,2.482886,0.784552
0.129842,2.494986,0.781600
0.124282,2.507086,0.775758
0.120716,2.515136,0.773578
0.115549,2.527236,0.772731
0.110606,2.539336,0.766410
0.105878,2.551436,0.761804
0.099160,2.569611,0.758386
0.094932,2.581711,0.755481
0.090889,2.593811,0.747485
0.085147,2.611986,0.743911
0.079781,2.630161,0.736298
0.074767,2.648336,0.730477
0.070081,2.666511,0.725705
0.064304,2.690761,0.718328
0.059027,2.715011,0.707764
0.054206,2.739261,0.702505
0.049801,2.763511,0.688124
0.045775,2.787761,0.683647
0.040372,2.824161,0.676760
0.035646,2.860561,0.660589
0.029637,2.915186,0.640196
0.024706,2.969811,0.619728
0.019465,3.042661,0.604312
0.015410,3.115511,0.561499
0.010952,3.224811,0.001000
0.004178,3.552811,0.001250
0.145901,2.462736,0.788797
0.139657,2.474836,0.787037
0.135650,2.482886,0.786464
0.129842,2.494986,0.783098
0.124282,2.507086,0.777319
0.120716,2.515136,0.773454
0.115549,2.527236,0.771583
0.110606,2.539336,0.767222
0.105878,2.551436,0.764347
0.099160,2.569611,0.758657
0.094932,2.581711,0.753866
0.090889,2.593811,0.747584
0.085147,2.611986,0.744773
0.079781,2.630161,0.736151
0.074767,2.648336,0.728995
0.070081,2.666511,0.731022
0.064304,2.690761,0.715956
0.059027,2.715011,0.708698
0.054206,2.739261,0.702312
0.049801,2.763511,0.692114
0.045775,2.787761,0.684156
0.040372,2.824161,0.670600
0.035646,2.860561,0.659652
0.029637,2.915186,0.643045
0.024706,2.969811,0.620959
0.019465,3.042661,0.602015
0.015410,3.115511,0.560262
0.010952,3.224811,0.000750
0.004178,3.552811,0.000750
0.145901,2.462736,0.791580
0.139657,2.474836,0.786351
0.135650,2.482886,0.785498
0.129842,2.494986,0.778757
0.124282,2.507086,0.778733
0.120716,2.515136,0.774564
0.115549,2.527236,0.772376
0.110606,2.539336,0.767720
0.105878,2.551436,0.762852
0.099160,2.569611,0.754840
0.094932,2.581711,0.754394
0.090889,2.593811,0.748416
0.085147,2.611986,0.741342
0.079781,2.630161,0.736936
0.074767,2.648336,0.731146
0.070081,2.666511,0.725506
0.064304,2.690761,0.717254
0.059027,2.715011,0.705609
0.054206,2.739261,0.701919
0.049801,2.763511,0.690942
0.045775,2.787761,0.686216
0.040372,2.824161,0.670126
0.035646,2.860561,0.660538
0.029637,2.915186,0.640168
0.024706,2.969811,0.621751
0.019465,3.042661,0.591959
0.015410,3.115511,0.564494
0.010952,3.224811,0.000250
0.004178,3.552811,0.000750
0.145901,2.462736,0.790749
0.139657,2.474836,0.787456
0.135650,2.482886,0.783753
0.129842,2.494986,0.781197
0.124282,2.507086,0.777340
0.120716,2.515136,0.773922
0.115549,2.527236,0.770209
0.110606,2.539336,0.766473
0.105878,2.551436,0.764427
0.099160,2.569611,0.758359
0.094932,2.581711,0.754119
0.090889,2.593811,0.747544
0.085147,2.611986,0.742161
0.079781,2.630161,0.734200
0.074767,2.648336,0.731512
0.070081,2.666511,0.725141
0.064304,2.690761,0.718654
0.059027,2.715011,0.711099
0.054206,2.739261,0.701153
0.049801,2.763511,0.692497
0.045775,2.787761,0.684627
0.040372,2.824161,0.676193
0.035646,2.860561,0.659630
0.029637,2.915186,0.643283
0.024706,2.969811,0.620723
0.019465,3.042661,0.587104
0.015410,3.115511,0.554750
0.010952,3.224811,0.000500
0.004178,3.552811,0.000500
0.145901,2.462736,0.790468
0.139657,2.474836,0.786541
0.135650,2.482886,0.784040
0.129842,2.494986,0.782115
0.124282,2.507086,0.778497
0.120716,2.515136,0.774901
0.115549,2.527236,0.769096
0.110606,2.539336,0.767160
0.105878,2.551436,0.764678
0.099160,2.569611,0.756262
0.094932,2.581711,0.753809
0.090889,2.593811,0.749558
0.085147,2.611986,0.743102
0.079781,2.630161,0.734875
0.074767,2.648336,0.728676
0.070081,2.666511,0.727807
0.064304,2.690761,0.718807
0.059027,2.715011,0.709135
0.054206,2.739261,0.700991
0.049801,2.763511,0.691875
0.045775,2.787761,0.683042
0.040372,2.824161,0.673718
0.035646,2.860561,0.662819
0.029637,2.915186,0.639614
0.024706,2.969811,0.627958
0.019465,3.042661,0.598819
0.015410,3.115511,0.547591
0.010952,3.224811,0.000250
0.004178,3.552811,0.000750
0.145901,2.462736,0.791939
0.139657,2.474836,0.787486
0.135650,2.482886,0.784860
0.129842,2.494986,0.780327
0.124282,2.507086,0.776684
0.120716,2.515136,0.775372
0.115549,2.527236,0.770374
0.110606,2.539336,0.766023
0.105878,2.551436,0.763308
0.099160,2.569611,0.757475
0.094932,2.581711,0.750784
0.090889,2.593811,0.749403
0.085147,2.611986,0.742357
0.079781,2.630161,0.737953
0.074767,2.648336,0.732981
0.070081,2.666511,0.726218
0.064304,2.690761,0.715521
0.059027,2.715011,0.709614
0.054206,2.739261,0.701186
0.049801,2.763511,0.693767
0.045775,2.787761,0.687077
0.040372,2.824161,0.675302
0.035646,2.860561,0.661000
0.029637,2.915186,0.639316
0.024706,2.969811,0.625753
0.019465,3.042661,0.597155
0.015410,3.115511,0.553788
0.010952,3.224811,0.000750
0.004178,3.552811,0.000250
0.145901,2.462736,0.791519
0.139657,2.474836,0.787799
0.135650,2.482886,0.784217
0.129842,2.494986,0.779400
0.124282,2.507086,0.776304
0.120716,2.515136,0.775487
0.115549,2.527236,0.770087
0.110606,2.539336,0.766573
0.105878,2.551436,0.761269
0.099160,2.569611,0.754617
0.094932,2.581711,0.751379
0.090889,2.593811,0.751024
0.085147,2.611986,0.742718
0.079781,2.630161,0.737917
0.074767,2.648336,0.730008
0.070081,2.666511,0.724911
0.064304,2.690761,0.719088
0.059027,2.715011,0.711633
0.054206,2.739261,0.699564
0.049801,2.763511,0.693930
0.045775,2.787761,0.684246
0.040372,2.824161,0.676186
0.035646,2.860561,0.658060
0.029637,2.915186,0.642536
0.024706,2.969811,0.629594
0.019465,3.042661,0.597993
0.015410,3.115511,0.559312
0.010952,3.224811,0.000750
0.004178,3.552811,0.000000
0.145901,2.462736,0.791329
0.139657,2.474836,0.787062
0.135650,2.482886,0.784862
0.129842,2.494986,0.781661
0.124282,2.507086,0.777614
0.120716,2.515136,0.774678
0.115549,2.527236,0.772533
0.110606,2.539336,0.766415
0.105878,2.551436,0.761444
0.099160,2.569611,0.755802
0.094932,2.581711,0.753732
0.090889,2.593811,0.747725
0.085147,2.611986,0.742454
0.079781,2.630161,0.735940
0.074767,2.648336,0.732607
0.070081,2.666511,0.723620
0.064304,2.690761,0.716848
0.059027,2.715011,0.706230
0.054206,2.739261,0.697885
0.049801,2.763511,0.693957
0.045775,2.787761,0.684512
0.040372,2.824161,0.670859
0.035646,2.860561,0.662913
0.029637,2.915186,0.647849
0.024706,2.969811,0.629176
0.019465,3.042661,0.595167
0.015410,3.115511,0.562713
0.010952,3.224811,0.000000
0.004178,3.552811,0.000000
0.145901,2.462736,0.791065
0.139657,2.474836,0.788816
0.135650,2.482886,0.786114
0.129842,2.494986,0.782418
0.124282,2.507086,0.776414
0.120716,2.515136,0.773677
0.115549,2.527236,0.769745
0.110606,2.539336,0.765561
0.105878,2.551436,0.762377
0.099160,2.569611,0.756355
0.094932,2.581711,0.754265
0.090889,2.593811,0.748683
0.085147,2.611986,0.742269
0.079781,2.630161,0.734896
0.074767,2.648336,0.729598
0.070081,2.666511,0.726574
0.064304,2.690761,0.716954
0.059027,2.715011,0.709607
0.054206,2.739261,0.701046
0.049801,2.763511,0.692809
0.045775,2.787761,0.686461
0.040372,2.824161,0.674024
0.035646,2.860561,0.654533
0.029637,2.915186,0.641786
0.024706,2.969811,0.618511
0.019465,3.042661,0.598928
0.015410,3.115511,0.555235
0.010952,3.224811,0.000000
0.004178,3.552811,0.000750
0.145901,2.462736,0.791796
0.139657,2.474836,0.787315
0.135650,2.482886,0.784943
0.129842,2.494986,0.781716
0.124282,2.507086,0.777184
0.120716,2.515136,0.774848
0.115549,2.527236,0.771555
0.110606,2.539336,0.765019
0.105878,2.551436,0.763491
0.099160,2.569611,0.758221
0.094932,2.581711,0.755591
0.090889,2.593811,0.748875
0.085147,2.611986,0.740996
0.079781,2.630161,0.737390
0.074767,2.648336,0.729810
0.070081,2.666511,0.725978
0.064304,2.690761,0.718747
0.059027,2.715011,0.709130
0.054206,2.739261,0.702122
0.049801,2.763511,0.691802
0.045775,2.787761,0.687487
0.040372,2.824161,0.670091
0.035646,2.860561,0.661115
0.029637,2.915186,0.642131
0.024706,2.969811,0.616591
0.019465,3.042661,0.596243
0.015410,3.115511,0.562887
0.010952,3.224811,0.000000
0.004178,3.552811,0.000000
0.145901,2.462736,0.794049
0.139657,2.474836,0.786988
0.135650,2.482886,0.786660
0.129842,2.494986,0.780159
0.124282,2.507086,0.776753
0.120716,2.515136,0.774984
0.115549,2.527236,0.769451
0.110606,2.539336,0.766462
0.105878,2.551436,0.762054
0.099160,2.569611,0.757274
0.094932,2.581711,0.752712
0.090889,2.593811,0.745904
0.085147,2.611986,0.741860
0.079781,2.630161,0.739195
0.074767,2.648336,0.731056
0.070081,2.666511,0.727145
0.064304,2.690761,0.717275
0.059027,2.715011,0.706605
0.054206,2.739261,0.699917
0.049801,2.763511,0.693341
0.045775,2.787761,0.685879
0.040372,2.824161,0.671370
0.035646,2.860561,0.666522
0.029637,2.915186,0.645069
0.024706,2.969811,0.622473
0.019465,3.042661,0.596708
0.015410,3.115511,0.563347
0.010952,3.224811,0.000250
0.004178,3.552811,0.000000
0.145901,2.462736,0.792172
0.139657,2.474836,0.786916
0.135650,2.482886,0.783443
0.129842,2.494986,0.781193
0.124282,2.507086,0.775459
0.120716,2.515136,0.776427
0.115549,2.527236,0.771180
0.110606,2.539336,0.763701
0.105878,2.551436,0.764046
0.099160,2.569611,0.757372
0.094932,2.581711,0.753867
0.090889,2.593811,0.751296
0.085147,2.611986,0.741156
0.079781,2.630161,0.735853
0.074767,2.648336,0.729656
0.070081,2.666511,0.726075
0.064304,2.690761,0.718213
0.059027,2.715011,0.710029
0.054206,2.739261,0.701046
0.049801,2.763511,0.692619
0.045775,2.787761,0.679434
0.040372,2.824161,0.672062
0.035646,2.860561,0.659499
0.029637,2.915186,0.642061
0.024706,2.969811,0.622531
0.019465,3.042661,0.594515
0.015410,3.115511,0.557932
0.010952,3.224811,0.000250
0.004178,3.552811,0.000000
0.145901,2.462736,0.788967
0.139657,2.474836,0.788811
0.135650,2.482886,0.784270
0.129842,2.494986,0.780715
0.124282,2.507086,0.777442
0.120716,2.515136,0.774728
0.115549,2.527236,0.769617
0.110606,2.539336,0.768300
0.105878,2.551436,0.763520
0.099160,2.569611,0.758366
0.094932,2.581711,0.753101
0.090889,2.593811,0.748709
0.085147,2.611986,0.741784
0.079781,2.630161,0.736278
0.074767,2.648336,0.730783
0.070081,2.666511,0.726805
0.064304,2.690761,0.715988
0.059027,2.715011,0.709487
0.054206,2.739261,0.700413
0.049801,2.763511,0.692401
0.045775,2.787761,0.685666
0.040372,2.824161,0.674717
0.035646,2.860561,0.664088
0.029637,2.915186,0.641639
0.024706,2.969811,0.624428
0.019465,3.042661,0.591303
0.015410,3.115511,0.549774
0.010952,3.224811,0.000000
0.004178,3.552811,0.000000
0.145901,2.462736,0.791001
0.139657,2.474836,0.788462
0.135650,2.482886,0.785867
0.129842,2.494986,0.779242
0.124282,2.507086,0.777428
0.120716,2.515136,0.776329
0.115549,2.527236,0.772494
0.110606,2.539336,0.768280
0.105878,2.551436,0.760181
0.099160,2.569611,0.757803
0.094932,2.581711,0.755666
0.090889,2.593811,0.749739
0.085147,2.611986,0.741838
0.079781,2.630161,0.738701
0.074767,2.648336,0.729700
0.070081,2.666511,0.724519
0.064304,2.690761,0.718503
0.059027,2.715011,0.710315
0.054206,2.739261,0.700922
0.049801,2.763511,0.697039
0.045775,2.787761,0.685269
0.040372,2.824161,0.674326
0.035646,2.860561,0.657730
0.029637,2.915186,0.643744
0.024706,2.969811,0.621660
0.019465,3.042661,0.593792
0.015410,3.115511,0.556342
0.010952,3.224811,0.000000
0.004178,3.552811,0.000000
0.145901,2.462736,0.790805
0.139657,2.474836,0.788140
0.135650,2.482886,0.784276
0.129842,2.494986,0.782299
0.124282,2.507086,0.777134
0.120716,2.515136,0.775242
0.115549,2.527236,0.771338
0.110606,2.539336,0.765487
0.105878,2.551436,0.762748
0.099160,2.569611,0.755567
0.094932,2.581711,0.751955
0.090889,2.593811,0.748567
0.085147,2.611986,0.743633
0.079781,2.630161,0.737675
0.074767,2.648336,0.730420
0.070081,2.666511,0.724200
0.064304,2.690761,0.716883
0.059027,2.715011,0.708626
0.054206,2.739261,0.699766
0.049801,2.763511,0.693247
0.045775,2.787761,0.684713
0.040372,2.824161,0.674801
0.035646,2.860561,0.661722
0.029637,2.915186,0.639416
0.024706,2.969811,0.622218
0.019465,3.042661,0.589858
0.015410,3.115511,0.557487
0.010952,3.224811,0.000000
0.004178,3.552811,0.000000
0.145901,2.462736,0.793232
0.139657,2.474836,0.786550
0.135650,2.482886,0.785168
0.129842,2.494986,0.781845
0.124282,2.507086,0.776433
0.120716,2.515136,0.775801
0.115549,2.527236,0.770527
0.110606,2.539336,0.764996
0.105878,2.551436,0.760697
0.099160,2.569611,0.757904
0.094932,2.581711,0.753157
0.090889,2.593811,0.748611
0.085147,2.611986,0.741117
0.079781,2.630161,0.735926
0.074767,2.648336,0.731189
0.070081,2.666511,0.725658
0.064304,2.690761,0.715628
0.059027,2.715011,0.705772
0.054206,2.739261,0.699727
0.049801,2.763511,0.691839
0.045775,2.787761,0.683968
0.040372,2.824161,0.670311
0.035646,2.860561,0.656545
0.029637,2.915186,0.645197
0.024706,2.969811,0.613533
0.019465,3.042661,0.607206
0.015410,3.115511,0.563556
0.010952,3.224811,0.000000
0.004178,3.552811,0.000000
0.145901,2.462736,0.790895
0.139657,2.474836,0.786505
0.135650,2.482886,0.784770
0.129842,2.494986,0.780386
0.124282,2.507086,0.777793
0.120716,2.515136,0.775464
0.115549,2.527236,0.770206
0.110606,2.539336,0.765936
0.105878,2.551436,0.760794
0.099160,2.569611,0.756226
0.094932,2.581711,0.754482
0.090889,2.593811,0.749403
0.085147,2.611986,0.743547
0.079781,2.630161,0.736624
0.074767,2.648336,0.731208
0.070081,2.666511,0.728975
0.064304,2.690761,0.716384
0.059027,2.715011,0.708360
0.054206,2.739261,0.701261
0.049801,2.763511,0.691019
0.045775,2.787761,0.687199
0.040372,2.824161,0.672821
0.035646,2.860561,0.663429
0.029637,2.915186,0.645001
0.024706,2.969811,0.616154
0.019465,3.042661,0.591584
0.015410,3.115511,0.555794
0.010952,3.224811,0.000500
0.004178,3.552811,0.000000
0.145901,2.462736,0.791351
0.139657,2.474836,0.785692
0.135650,2.482886,0.784469
0.129842,2.494986,0.779804
0.124282,2.507086,0.776430
0.120716,2.515136,0.773948
0.115549,2.527236,0.769912
0.110606,2.539336,0.768347
0.105878,2.551436,0.763555
0.099160,2.569611,0.755223
0.094932,2.581711,0.752059
0.090889,2.593811,0.748874
0.085147,2.611986,0.742711
0.079781,2.630161,0.736575
0.074767,2.648336,0.728360
0.070081,2.666511,0.727116
0.064304,2.690761,0.716824
0.059027,2.715011,0.709903
0.054206,2.739261,0.699923
0.049801,2.763511,0.692922
0.045775,2.787761,0.683986
0.040372,2.824161,0.675287
0.035646,2.860561,0.662946
0.029637,2.915186,0.641680
0.024706,2.969811,0.614990
0.019465,3.042661,0.595151
0.015410,3.115511,0.557396
0.010952,3.224811,0.000000
0.004178,3.552811,0.000000
0.145901,2.462736,0.790808
0.139657,2.474836,0.788655
0.135650,2.482886,0.785783
0.129842,2.494986,0.779653
0.124282,2.507086,0.777599
0.120716,2.515136,0.773912
0.115549,2.527236,0.771299
0.110606,2.539336,0.767862
0.105878,2.551436,0.760919
0.099160,2.569611,0.756684
0.094932,2.581711,0.753656
0.090889,2.593811,0.752708
0.085147,2.611986,0.741253
0.079781,2.630161,0.736520
0.074767,2.648336,0.730472
0.070081,2.666511,0.723395
0.064304,2.690761,0.715341
0.059027,2.715011,0.709128
0.054206,2.739261,0.699673
0.049801,2.763511,0.694773
0.045775,2.787761,0.687345
0.040372,2.824161,0.673507
0.035646,2.860561,0.654024
0.029637,2.915186,0.641112
0.024706,2.969811,0.614159
0.019465,3.042661,0.586110
0.015410,3.115511,0.547727
0.010952,3.224811,0.000000
0.004178,3.552811,0.000500
0.145901,2.462736,0.791779
0.139657,2.474836,0.786696
0.135650,2.482886,0.785414
0.129842,2.494986,0.782753
0.124282,2.507086,0.776412
0.120716,2.515136,0.773977
0.115549,2.527236,0.770530
0.110606,2.539336,0.767983
0.105878,2.551436,0.764357
0.099160,2.569611,0.755300
0.094932,2.581711,0.752357
0.090889,2.593811,0.749869
0.085147,2.611986,0.740582
0.079781,2.630161,0.735691
0.074767,2.648336,0.728793
0.070081,2.666511,0.724534
0.064304,2.690761,0.717077
0.059027,2.715011,0.706310
0.054206,2.739261,0.699649
0.049801,2.763511,0.696362
0.045775,2.787761,0.682260
0.040372,2.824161,0.671433
0.035646,2.860561,0.656250
0.029637,2.915186,0.642963
0.024706,2.969811,0.623619
0.019465,3.042661,0.600437
0.015410,3.115511,0.565345
0.010952,3.224811,0.000000
0.004178,3.552811,0.000000
0.145901,2.462736,0.792491
0.139657,2.474836,0.786665
0.135650,2.482886,0.784894
0.129842,2.494986,0.781095
0.124282,2.507086,0.778619
0.120716,2.515136,0.774169
0.115549,2.527236,0.770631
0.110606,2.539336,0.765983
0.105878,2.551436,0.762145
0.099160,2.569611,0.756479
0.094932,2.581711,0.752637
0.090889,2.593811,0.748212
0.085147,2.611986,0.741626
0.079781,2.630161,0.736520
0.074767,2.648336,0.732301
0.070081,2.666511,0.724724
0.064304,2.690761,0.716002
0.059027,2.715011,0.708810
0.054206,2.739261,0.697831
0.049801,2.763511,0.693212
0.045775,2.787761,0.683066
0.040372,2.824161,0.671714
0.035646,2.860561,0.662165
0.029637,2.915186,0.643990
0.024706,2.969811,0.625480
0.019465,3.042661,0.595578
0.015410,3.115511,0.558804
0.010952,3.224811,0.000000
0.004178,3.552811,0.000000
0.145901,2.462736,0.790641
0.139657,2.474836,0.787470
0.135650,2.482886,0.785521
0.129842,2.494986,0.779734
0.124282,2.507086,0.777790
0.120716,2.515136,0.775253
0.115549,2.527236,0.771245
0.110606,2.539336,0.765629
0.105878,2.551436,0.762690
0.099160,2.569611,0.756183
0.094932,2.581711,0.753633
0.090889,2.593811,0.752218
0.085147,2.611986,0.744201
0.079781,2.630161,0.734785
0.074767,2.648336,0.731536
0.070081,2.666511,0.727146
0.064304,2.690761,0.715277
0.059027,2.715011,0.709465
0.054206,2.739261,0.699668
0.049801,2.763511,0.694099
0.045775,2.787761,0.682398
0.040372,2.824161,0.672067
0.035646,2.860561,0.659474
0.029637,2.915186,0.640345
0.024706,2.969811,0.617140
0.019465,3.042661,0.591912
0.015410,3.115511,0.551215
0.010952,3.224811,0.000000
0.004178,3.552811,0.000000
0.145901,2.462736,0.791652
0.139657,2.474836,0.787845
0.135650,2.482886,0.786438
0.129842,2.494986,0.780613
0.124282,2.507086,0.777749
0.120716,2.515136,0.775217
0.115549,2.527236,0.770110
0.110606,2.539336,0.767506
0.105878,2.551436,0.760575
0.099160,2.569611,0.757092
0.094932,2.581711,0.753076
0.090889,2.593811,0.750068
0.085147,2.611986,0.744986
0.079781,2.630161,0.738468
0.074767,2.648336,0.732495
0.070081,2.666511,0.727592
0.064304,2.690761,0.717677
0.059027,2.715011,0.709693
0.054206,2.739261,0.698666
0.049801,2.763511,0.694378
0.045775,2.787761,0.685713
0.040372,2.824161,0.675810
0.035646,2.860561,0.660615
0.029637,2.915186,0.641795
0.024706,2.969811,0.617688
0.019465,3.042661,0.591268
0.015410,3.115511,0.568193
0.010952,3.224811,0.000000
0.004178,3.552811,0.001000
0.145901,2.462736,0.792319
0.139657,2.474836,0.787985
0.135650,2.482886,0.784897
0.129842,2.494986,0.781056
0.124282,2.507086,0.776146
0.120716,2.515136,0.776231
0.115549,2.527236,0.770328
0.110606,2.539336,0.769022
0.105878,2.551436,0.763243
0.099160,2.569611,0.756314
0.094932,2.581711,0.751114
0.090889,2.593811,0.748744
0.085147,2.611986,0.742596
0.079781,2.630161,0.736390
0.074767,2.648336,0.730980
0.070081,2.666511,0.727878
0.064304,2.690761,0.717858
0.059027,2.715011,0.711289
0.054206,2.739261,0.702173
0.049801,2.763511,0.691015
0.045775,2.787761,0.688104
0.040372,2.824161,0.669220
0.035646,2.860561,0.661371
0.029637,2.915186,0.638056
0.024706,2.969811,0.618001
0.019465,3.042661,0.594083
0.015410,3.115511,0.565650
0.010952,3.224811,0.000000
0.004178,3.552811,0.000000
0.145901,2.462736,0.791785
0.139657,2.474836,0.786533
0.135650,2.482886,0.785566
0.129842,2.494986,0.780042
0.124282,2.507086,0.779382
0.120716,2.515136,0.773018
0.115549,2.527236,0.770944
0.110606,2.539336,0.766385
0.105878,2.551436,0.764639
0.099160,2.569611,0.755224
0.094932,2.581711,0.752989
0.090889,2.593811,0.748781
0.085147,2.611986,0.742707
0.079781,2.630161,0.734172
0.074767,2.648336,0.731657
0.070081,2.666511,0.723914
0.064304,2.690761,0.717370
0.059027,2.715011,0.710690
0.054206,2.739261,0.702572
0.049801,2.763511,0.696872
0.045775,2.787761,0.682328
0.040372,2.824161,0.670679
0.035646,2.860561,0.659927
0.029637,2.915186,0.640285
0.024706,2.969811,0.621296
0.019465,3.042661,0.598072
0.015410,3.115511,0.562769
0.010952,3.224811,0.000500
0.004178,3.552811,0.000000
0.145901,2.462736,0.790681
0.139657,2.474836,0.787387
0.135650,2.482886,0.784447
0.129842,2.494986,0.781393
0.124282,2.507086,0.776665
0.120716,2.515136,0.772748
0.115549,2.527236,0.769335
0.110606,2.539336,0.768919
0.105878,2.551436,0.765188
0.099160,2.569611,0.756706
0.094932,2.581711,0.753970
0.090889,2.593811,0.751625
0.085147,2.611986,0.741163
0.079781,2.630161,0.736057
0.074767,2.648336,0.731544
0.070081,2.666511,0.723548
0.064304,2.690761,0.718003
0.059027,2.715011,0.708708
0.054206,2.739261,0.701385
0.049801,2.763511,0.694752
0.045775,2.787761,0.680791
0.040372,2.824161,0.670241
0.035646,2.860561,0.663309
0.029637,2.915186,0.641044
0.024706,2.969811,0.629584
0.019465,3.042661,0.590126
0.015410,3.115511,0.548127
0.010952,3.224811,0.000000
0.004178,3.552811,0.000500
0.145901,2.462736,0.791401
0.139657,2.474836,0.787255
0.135650,2.482886,0.784028
0.129842,2.494986,0.779231
0.124282,2.507086,0.776362
0.120716,2.515136,0.774012
0.115549,2.527236,0.769778
0.110606,2.539336,0.766314
0.105878,2.551436,0.762367
0.099160,2.569611,0.757081
0.094932,2.581711,0.751009
0.090889,2.593811,0.749531
0.085147,2.611986,0.740758
0.079781,2.630161,0.737364
0.074767,2.648336,0.731748
0.070081,2.666511,0.727777
0.064304,2.690761,0.715059
0.059027,2.715011,0.711175
0.054206,2.739261,0.699780
0.049801,2.763511,0.689065
0.045775,2.787761,0.682355
0.040372,2.824161,0.670482
0.035646,2.860561,0.666136
0.029637,2.915186,0.644326
0.024706,2.969811,0.614883
0.019465,3.042661,0.589057
0.015410,3.115511,0.544077
0.010952,3.224811,0.000250
0.004178,3.552811,0.000000
0.145901,2.462736,0.791497
0.139657,2.474836,0.786251
0.135650,2.482886,0.784530
0.129842,2.494986,0.781101
0.124282,2.507086,0.775361
0.120716,2.515136,0.776196
0.115549,2.527236,0.769595
0.110606,2.539336,0.767476
0.105878,2.551436,0.761981
0.099160,2.569611,0.755577
0.094932,2.581711,0.752845
0.090889,2.593811,0.751036
0.085147,2.611986,0.742352
0.079781,2.630161,0.735038
0.074767,2.648336,0.729404
0.070081,2.666511,0.723848
0.064304,2.690761,0.718434
0.059027,2.715011,0.708831
0.054206,2.739261,0.699503
0.049801,2.763511,0.695644
0.045775,2.787761,0.681966
0.040372,2.824161,0.670670
0.035646,2.860561,0.660500
0.029637,2.915186,0.640919
0.024706,2.969811,0.624470
0.019465,3.042661,0.596364
0.015410,3.115511,0.558029
0.010952,3.224811,0.000000
0.004178,3.552811,0.000250
0.145901,2.462736,0.792079
0.139657,2.474836,0.788152
0.135650,2.482886,0.783112
0.129842,2.494986,0.781472
0.124282,2.507086,0.776535
0.120716,2.515136,0.774528
0.115549,2.527236,0.770578
0.110606,2.539336,0.766801
0.105878,2.551436,0.764880
0.099160,2.569611,0.756884
0.094932,2.581711,0.753073
0.090889,2.593811,0.747640
0.085147,2.611986,0.741687
0.079781,2.630161,0.737243
0.074767,2.648336,0.732477
0.070081,2.666511,0.726812
0.064304,2.690761,0.718831
0.059027,2.715011,0.708470
0.054206,2.739261,0.704036
0.049801,2.763511,0.689161
0.045775,2.787761,0.689865
0.040372,2.824161,0.672083
0.035646,2.860561,0.662013
0.029637,2.915186,0.640338
0.024706,2.969811,0.621557
0.019465,3.042661,0.594544
0.015410,3.115511,0.563401
0.010952,3.224811,0.000750
0.004178,3.552811,0.000000
0.145901,2.462736,0.791818
0.139657,2.474836,0.787305
0.135650,2.482886,0.786233
0.129842,2.494986,0.782457
0.124282,2.507086,0.779573
0.120716,2.515136,0.773180
0.115549,2.527236,0.771673
0.110606,2.539336,0.766943
0.105878,2.551436,0.763990
0.099160,2.569611,0.759510
0.094932,2.581711,0.752082
0.090889,2.593811,0.747822
0.085147,2.611986,0.743059
0.079781,2.630161,0.734890
0.074767,2.648336,0.731318
0.070081,2.666511,0.722335
0.064304,2.690761,0.718624
0.059027,2.715011,0.709286
0.054206,2.739261,0.700821
0.049801,2.763511,0.690192
0.045775,2.787761,0.686173
0.040372,2.824161,0.674286
0.035646,2.860561,0.661251
0.029637,2.915186,0.642849
0.024706,2.969811,0.623299
0.019465,3.042661,0.588463
0.015410,3.115511,0.561831
0.010952,3.224811,0.002000
0.004178,3.552811,0.000000
0.145901,2.462736,0.791001
0.139657,2.474836,0.788455
0.135650,2.482886,0.783773
0.129842,2.494986,0.783559
0.124282,2.507086,0.777281
0.120716,2.515136,0.775725
0.115549,2.527236,0.771762
0.110606,2.539336,0.764191
0.105878,2.551436,0.762058
0.099160,2.569611,0.755801
0.094932,2.581711,0.753608
0.090889,2.593811,0.749615
0.085147,2.611986,0.743382
0.079781,2.630161,0.736382
0.074767,2.648336,0.730422
0.070081,2.666511,0.723252
0.064304,2.690761,0.718719
0.059027,2.715011,0.707334
0.054206,2.739261,0.701648
0.049801,2.763511,0.694344
0.045775,2.787761,0.679986
0.040372,2.824161,0.672539
0.035646,2.860561,0.660817
0.029637,2.915186,0.641105
0.024706,2.969811,0.620026
0.019465,3.042661,0.589824
0.015410,3.115511,0.550269
0.010952,3.224811,0.000750
0.004178,3.552811,0.000000
0.145901,2.462736,0.789879
0.139657,2.474836,0.784890
0.135650,2.482886,0.783714
0.129842,2.494986,0.780687
0.124282,2.507086,0.777361
0.120716,2.515136,0.774275
0.115549,2.527236,0.770366
0.110606,2.539336,0.766713
0.105878,2.551436,0.763633
0.099160,2.569611,0.756209
0.094932,2.581711,0.751805
0.090889,2.593811,0.750079
0.085147,2.611986,0.741176
0.079781,2.630161,0.735566
0.074767,2.648336,0.730519
0.070081,2.666511,0.723083
0.064304,2.690761,0.718108
0.059027,2.715011,0.706032
0.054206,2.739261,0.702789
0.049801,2.763511,0.690990
0.045775,2.787761,0.686830
0.040372,2.824161,0.672781
0.035646,2.860561,0.659903
0.029637,2.915186,0.643270
0.024706,2.969811,0.616547
0.019465,3.042661,0.589022
0.015410,3.115511,0.570005
0.010952,3.224811,0.000250
0.004178,3.552811,0.000000
0.145901,2.462736,0.791269
0.139657,2.474836,0.786495
0.135650,2.482886,0.784516
0.129842,2.494986,0.780035
0.124282,2.507086,0.776001
0.120716,2.515136,0.773449
0.115549,2.527236,0.772295
0.110606,2.539336,0.767601
0.105878,2.551436,0.763249
0.099160,2.569611,0.758730
0.094932,2.581711,0.754287
0.090889,2.593811,0.749280
0.085147,2.611986,0.742737
0.079781,2.630161,0.739045
0.074767,2.648336,0.730842
0.070081,2.666511,0.723734
0.064304,2.690761,0.712838
0.059027,2.715011,0.705742
0.054206,2.739261,0.701850
0.049801,2.763511,0.693146
0.045775,2.787761,0.682221
0.040372,2.824161,0.672890
0.035646,2.860561,0.661991
0.029637,2.915186,0.641098
0.024706,2.969811,0.623928
0.019465,3.042661,0.600392
0.015410,3.115511,0.554915
0.010952,3.224811,0.000250
0.004178,3.552811,0.000250
0.145901,2.462736,0.793042
0.139657,2.474836,0.786460
0.135650,2.482886,0.784493
0.129842,2.494986,0.780054
0.124282,2.507086,0.775515
0.120716,2.515136,0.774315
0.115549,2.527236,0.769747
0.110606,2.539336,0.765491
0.105878,2.551436,0.762814
0.099160,2.569611,0.758167
0.094932,2.581711,0.751285
0.090889,2.593811,0.750142
0.085147,2.611986,0.744531
0.079781,2.630161,0.735869
0.074767,2.648336,0.728575
0.070081,2.666511,0.724409
0.064304,2.690761,0.717722
0.059027,2.715011,0.710873
0.054206,2.739261,0.701843
0.049801,2.763511,0.692482
0.045775,2.787761,0.682433
0.040372,2.824161,0.673787
0.035646,2.860561,0.661371
0.029637,2.915186,0.646072
0.024706,2.969811,0.626006
0.019465,3.042661,0.595410
0.015410,3.115511,0.554644
0.010952,3.224811,0.000000
0.004178,3.552811,0.000000
0.145901,2.462736,0.790373
0.139657,2.474836,0.786962
0.135650,2.482886,0.784271
0.129842,2.494986,0.780804
0.124282,2.507086,0.776578
0.120716,2.515136,0.774905
0.115549,2.527236,0.770652
0.110606,2.539336,0.766859
0.105878,2.551436,0.762028
0.099160,2.569611,0.758293
0.094932,2.581711,0.752436
0.090889,2.593811,0.748567
0.085147,2.611986,0.743295
0.079781,2.630161,0.736851
0.074767,2.648336,0.730888
0.070081,2.666511,0.723114
0.064304,2.690761,0.715808
0.059027,2.715011,0.709355
0.054206,2.739261,0.702074
0.049801,2.763511,0.693712
0.045775,2.787761,0.684421
0.040372,2.824161,0.674533
0.035646,2.860561,0.659323
0.029637,2.915186,0.641199
0.024706,2.969811,0.622342
0.019465,3.042661,0.592959
0.015410,3.115511,0.559654
0.010952,3.224811,0.000000
0.004178,3.552811,0.001250
0.145901,2.462736,0.790603
0.139657,2.474836,0.788195
0.135650,2.482886,0.783582
0.129842,2.494986,0.780303
0.124282,2.507086,0.777351
0.120716,2.515136,0.775924
0.115549,2.527236,0.772089
0.110606,2.539336,0.765792
0.105878,2.551436,0.762722
0.099160,2.569611,0.755724
0.094932,2.581711,0.751910
0.090889,2.593811,0.746966
0.085147,2.611986,0.740519
0.079781,2.630161,0.736347
0.074767,2.648336,0.731357
0.070081,2.666511,0.724675
0.064304,2.690761,0.714782
0.059027,2.715011,0.710947
0.054206,2.739261,0.698215
0.049801,2.763511,0.692790
0.045775,2.787761,0.687837
0.040372,2.824161,0.674224
0.035646,2.860561,0.659312
0.029637,2.915186,0.645961
0.024706,2.969811,0.622437
0.019465,3.042661,0.589981
0.015410,3.115511,0.562890
0.010952,3.224811,0.000000
0.004178,3.552811,0.000000
0.145901,2.462736,0.791398
0.139657,2.474836,0.786454
0.135650,2.482886,0.786613
0.129842,2.494986,0.780469
0.124282,2.507086,0.777065
0.120716,2.515136,0.776014
0.115549,2.527236,0.770749
0.110606,2.539336,0.767955
0.105878,2.551436,0.762833
0.099160,2.569611,0.756712
0.094932,2.581711,0.752690
0.090889,2.593811,0.749547
0.085147,2.611986,0.743613
0.079781,2.630161,0.738535
0.074767,2.648336,0.730507
0.070081,2.666511,0.723213
0.064304,2.690761,0.718246
0.059027,2.715011,0.707871
0.054206,2.739261,0.700828
0.049801,2.763511,0.687880
0.045775,2.787761,0.681149
0.040372,2.824161,0.672962
0.035646,2.860561,0.659385
0.029637,2.915186,0.636981
0.024706,2.969811,0.619610
0.019465,3.042661,0.588277
0.015410,3.115511,0.572941
0.010952,3.224811,0.000250
0.004178,3.552811,0.000250
0.145901,2.462736,0.789495
0.139657,2.474836,0.787044
0.135650,2.482886,0.783898
0.129842,2.494986,0.779878
0.124282,2.507086,0.778037
0.120716,2.515136,0.774326
0.115549,2.527236,0.769789
0.110606,2.539336,0.767567
0.105878,2.551436,0.764375
0.099160,2.569611,0.756499
0.094932,2.581711,0.751046
0.090889,2.593811,0.750081
0.085147,2.611986,0.742643
0.079781,2.630161,0.739234
0.074767,2.648336,0.728132
0.070081,2.666511,0.726660
0.064304,2.690761,0.719120
0.059027,2.715011,0.710435
0.054206,2.739261,0.702980
0.049801,2.763511,0.688157
0.045775,2.787761,0.688458
0.040372,2.824161,0.673491
0.035646,2.860561,0.655712
0.029637,2.915186,0.642415
0.024706,2.969811,0.621750
0.019465,3.042661,0.596871
0.015410,3.115511,0.550996
0.010952,3.224811,0.000000
0.004178,3.552811,0.000000
0.145901,2.462736,0.790587
0.139657,2.474836,0.789232
0.135650,2.482886,0.783085
0.129842,2.494986,0.780321
0.124282,2.507086,0.778199
0.120716,2.515136,0.773347
0.115549,2.527236,0.770878
0.110606,2.539336,0.767647
0.105878,2.551436,0.763601
0.099160,2.569611,0.756944
0.094932,2.581711,0.751840
0.090889,2.593811,0.749733
0.085147,2.611986,0.744128
0.079781,2.630161,0.736636
0.074767,2.648336,0.733129
0.070081,2.666511,0.726385
0.064304,2.690761,0.719647
0.059027,2.715011,0.711497
0.054206,2.739261,0.698520
0.049801,2.763511,0.693402
0.045775,2.787761,0.689090
0.040372,2.824161,0.676762
0.035646,2.860561,0.662788
0.029637,2.915186,0.639182
0.024706,2.969811,0.623301
0.019465,3.042661,0.594412
0.015410,3.115511,0.555689
0.010952,3.224811,0.000000
0.004178,3.552811,0.000500
0.145901,2.462736,0.789142
0.139657,2.474836,0.787808
0.135650,2.482886,0.785723
0.129842,2.494986,0.780697
0.124282,2.507086,0.777593
0.120716,2.515136,0.773475
0.115549,2.527236,0.769320
0.110606,2.539336,0.768521
0.105878,2.551436,0.761785
0.099160,2.569611,0.755454
0.094932,2.581711,0.751918
0.090889,2.593811,0.748391
0.085147,2.611986,0.743001
0.079781,2.630161,0.736503
0.074767,2.648336,0.734344
0.070081,2.666511,0.723867
0.064304,2.690761,0.718478
0.059027,2.715011,0.709017
0.054206,2.739261,0.700636
0.049801,2.763511,0.693585
0.045775,2.787761,0.684729
0.040372,2.824161,0.673561
0.035646,2.860561,0.662904
0.029637,2.915186,0.639970
0.024706,2.969811,0.623954
0.019465,3.042661,0.600100
0.015410,3.115511,0.562475
0.010952,3.224811,0.000500
0.004178,3.552811,0.000000
0.145901,2.462736,0.789825
0.139657,2.474836,0.788889
0.135650,2.482886,0.784909
0.129842,2.494986,0.780962
0.124282,2.507086,0.777040
0.120716,2.515136,0.775138
0.115549,2.527236,0.771912
0.110606,2.539336,0.766484
0.105878,2.551436,0.762480
0.099160,2.569611,0.756025
0.094932,2.581711,0.753169
0.090889,2.593811,0.748687
0.085147,2.611986,0.741639
0.079781,2.630161,0.735979
0.074767,2.648336,0.731125
0.070081,2.666511,0.725662
0.064304,2.690761,0.717461
0.059027,2.715011,0.709894
0.054206,2.739261,0.702409
0.049801,2.763511,0.694857
0.045775,2.787761,0.688028
0.040372,2.824161,0.672008
0.035646,2.860561,0.658717
0.029637,2.915186,0.639349
0.024706,2.969811,0.629647
0.019465,3.042661,0.591425
0.015410,3.115511,0.562700
0.010952,3.224811,0.000000
0.004178,3.552811,0.000000
0.145901,2.462736,0.790386
0.139657,2.474836,0.787447
0.135650,2.482886,0.785053
0.129842,2.494986,0.779535
0.124282,2.507086,0.776555
0.120716,2.515136,0.773144
0.115549,2.527236,0.771323
0.110606,2.539336,0.763668
0.105878,2.551436,0.762865
0.099160,2.569611,0.756795
0.094932,2.581711,0.752211
0.090889,2.593811,0.751450
0.085147,2.611986,0.745273
0.079781,2.630161,0.738091
0.074767,2.648336,0.732592
0.070081,2.666511,0.726122
0.064304,2.690761,0.716900
0.059027,2.715011,0.710148
0.054206,2.739261,0.700913
0.049801,2.763511,0.693155
0.045775,2.787761,0.686483
0.040372,2.824161,0.674511
0.035646,2.860561,0.661723
0.029637,2.915186,0.645578
0.024706,2.969811,0.629352
0.019465,3.042661,0.600275
0.015410,3.115511,0.566373
0.010952,3.224811,0.000000
0.004178,3.552811,0.000000
0.145901,2.462736,0.790856
0.139657,2.474836,0.788408
0.135650,2.482886,0.785189
0.129842,2.494986,0.779045
0.124282,2.507086,0.776190
0.120716,2.515136,0.773393
0.115549,2.527236,0.772296
0.110606,2.539336,0.766700
0.105878,2.551436,0.761546
0.099160,2.569611,0.757911
0.094932,2.581711,0.753469
0.090889,2.593811,0.747612
0.085147,2.611986,0.743003
0.079781,2.630161,0.737663
0.074767,2.648336,0.730127
0.070081,2.666511,0.723252
0.064304,2.690761,0.718875
0.059027,2.715011,0.708295
0.054206,2.739261,0.699348
0.049801,2.763511,0.693191
0.045775,2.787761,0.686595
0.040372,2.824161,0.673038
0.035646,2.860561,0.658921
0.029637,2.915186,0.639085
0.024706,2.969811,0.620097
0.019465,3.042661,0.595457
0.015410,3.115511,0.558788
0.010952,3.224811,0.000000
0.004178,3.552811,0.000000
0.145901,2.462736,0.790262
0.139657,2.474836,0.788125
0.135650,2.482886,0.784139
0.129842,2.494986,0.780730
0.124282,2.507086,0.775467
0.120716,2.515136,0.775921
0.115549,2.527236,0.771923
0.110606,2.539336,0.768545
0.105878,2.551436,0.761392
0.099160,2.569611,0.757869
0.094932,2.581711,0.752388
0.090889,2.593811,0.751673
0.085147,2.611986,0.740037
0.079781,2.630161,0.738704
0.074767,2.648336,0.733414
0.070081,2.666511,0.722020
0.064304,2.690761,0.717615
0.059027,2.715011,0.709109
0.054206,2.739261,0.700124
0.049801,2.763511,0.693507
0.045775,2.787761,0.686947
0.040372,2.824161,0.671760
0.035646,2.860561,0.659875
0.029637,2.915186,0.641186
0.024706,2.969811,0.615445
0.019465,3.042661,0.592626
0.015410,3.115511,0.562198
0.010952,3.224811,0.001000
0.004178,3.552811,0.000000
0.145901,2.462736,0.792968
0.139657,2.474836,0.787109
0.135650,2.482886,0.784032
0.129842,2.494986,0.778795
0.124282,2.507086,0.776726
0.120716,2.515136,0.773452
0.115549,2.527236,0.772077
0.110606,2.539336,0.766977
0.105878,2.551436,0.761955
0.099160,2.569611,0.757300
0.094932,2.581711,0.755165
0.090889,2.593811,0.748671
0.085147,2.611986,0.740393
0.079781,2.630161,0.736951
0.074767,2.648336,0.731351
0.070081,2.666511,0.723993
0.064304,2.690761,0.716058
0.059027,2.715011,0.708688
0.054206,2.739261,0.700534
0.049801,2.763511,0.690946
0.045775,2.787761,0.682962
0.040372,2.824161,0.675434
0.035646,2.860561,0.662621
0.029637,2.915186,0.645551
0.024706,2.969811,0.623302
0.019465,3.042661,0.594456
0.015410,3.115511,0.549939
0.010952,3.224811,0.000000
0.004178,3.552811,0.000250
0.145901,2.462736,0.792715
0.139657,2.474836,0.788044
0.135650,2.482886,0.786339
0.129842,2.494986,0.781678
0.124282,2.507086,0.775342
0.120716,2.515136,0.774033
0.115549,2.527236,0.773025
0.110606,2.539336,0.765993
0.105878,2.551436,0.762526
0.099160,2.569611,0.757831
0.094932,2.581711,0.754509
0.090889,2.593811,0.747699
0.085147,2.611986,0.743615
0.079781,2.630161,0.736072
0.074767,2.648336,0.728169
0.070081,2.666511,0.723873
0.064304,2.690761,0.716413
0.059027,2.715011,0.705460
0.054206,2.739261,0.699525
0.049801,2.763511,0.693098
0.045775,2.787761,0.688876
0.040372,2.824161,0.675130
0.035646,2.860561,0.659597
0.029637,2.915186,0.642903
0.024706,2.969811,0.631514
0.019465,3.042661,0.591426
0.015410,3.115511,0.551044
0.010952,3.224811,0.000000
0.004178,3.552811,0.000000
0.145901,2.462736,0.790339
0.139657,2.474836,0.786231
0.135650,2.482886,0.783970
0.129842,2.494986,0.781097
0.124282,2.507086,0.777449
0.120716,2.515136,0.774670
0.115549,2.527236,0.770649
0.110606,2.539336,0.765506
0.105878,2.551436,0.764552
0.099160,2.569611,0.757497
0.094932,2.581711,0.752210
0.090889,2.593811,0.747501
0.085147,2.611986,0.742894
0.079781,2.630161,0.733892
0.074767,2.648336,0.730027
0.070081,2.666511,0.724389
0.064304,2.690761,0.715371
0.059027,2.715011,0.710602
0.054206,2.739261,0.702693
0.049801,2.763511,0.688519
0.045775,2.787761,0.681968
0.040372,2.824161,0.673796
0.035646,2.860561,0.659324
0.029637,2.915186,0.640011
0.024706,2.969811,0.617170
0.019465,3.042661,0.593854
0.015410,3.115511,0.570506
0.010952,3.224811,0.000250
0.004178,3.552811,0.001000
0.145901,2.462736,0.792792
0.139657,2.474836,0.788795
0.135650,2.482886,0.784698
0.129842,2.494986,0.782914
0.124282,2.507086,0.776828
0.120716,2.515136,0.773782
0.115549,2.527236,0.769681
0.110606,2.539336,0.767332
0.105878,2.551436,0.764367
0.099160,2.569611,0.756034
0.094932,2.581711,0.750600
0.090889,2.593811,0.752475
0.085147,2.611986,0.744743
0.079781,2.630161,0.735858
0.074767,2.648336,0.732093
0.070081,2.666511,0.723762
0.064304,2.690761,0.713394
0.059027,2.715011,0.709550
0.054206,2.739261,0.702008
0.049801,2.763511,0.694581
0.045775,2.787761,0.684896
0.040372,2.824161,0.675012
0.035646,2.860561,0.657603
0.029637,2.915186,0.644150
0.024706,2.969811,0.620419
0.019465,3.042661,0.589013
0.015410,3.115511,0.568007
0.010952,3.224811,0.000000
0.004178,3.552811,0.000000
0.145901,2.462736,0.790456
0.139657,2.474836,0.786765
0.135650,2.482886,0.783219
0.129842,2.494986,0.780563
0.124282,2.507086,0.778404
0.120716,2.515136,0.777730
0.115549,2.527236,0.770508
0.110606,2.539336,0.766768
0.105878,2.551436,0.762967
0.099160,2.569611,0.756319
0.094932,2.581711,0.753843
0.090889,2.593811,0.749911
0.085147,2.611986,0.744001
0.079781,2.630161,0.734966
0.074767,2.648336,0.731417
0.070081,2.666511,0.724964
0.064304,2.690761,0.719895
0.059027,2.715011,0.709994
0.054206,2.739261,0.703516
0.049801,2.763511,0.693054
0.045775,2.787761,0.682326
0.040372,2.824161,0.674784
0.035646,2.860561,0.663652
0.029637,2.915186,0.642157
0.024706,2.969811,0.628262
0.019465,3.042661,0.587797
0.015410,3.115511,0.556232
0.010952,3.224811,0.000000
0.004178,3.552811,0.000500
0.145901,2.462736,0.791828
0.139657,2.474836,0.786099
0.135650,2.482886,0.785392
0.129842,2.494986,0.781586
0.124282,2.507086,0.776110
0.120716,2.515136,0.774597
0.115549,2.527236,0.772370
0.110606,2.539336,0.765272
0.105878,2.551436,0.763342
0.099160,2.569611,0.757767
0.094932,2.581711,0.753108
0.090889,2.593811,0.751513
0.085147,2.611986,0.741232
0.079781,2.630161,0.737344
0.074767,2.648336,0.731667
0.070081,2.666511,0.724331
0.064304,2.690761,0.718683
0.059027,2.715011,0.713309
0.054206,2.739261,0.702421
0.049801,2.763511,0.695595
0.045775,2.787761,0.683716
0.040372,2.824161,0.670922
0.035646,2.860561,0.660895
0.029637,2.915186,0.645108
0.024706,2.969811,0.622560
0.019465,3.042661,0.587759
0.015410,3.115511,0.564037
0.010952,3.224811,0.000500
0.004178,3.552811,0.000000
0.145901,2.462736,0.792636
0.139657,2.474836,0.787287
0.135650,2.482886,0.785821
0.129842,2.494986,0.782381
0.124282,2.507086,0.775916
0.120716,2.515136,0.776957
0.115549,2.527236,0.770230
0.110606,2.539336,0.766605
0.105878,2.551436,0.761605
0.099160,2.569611,0.759207
0.094932,2.581711,0.753193
0.090889,2.593811,0.747132
0.085147,2.611986,0.743493
0.079781,2.630161,0.736698
0.074767,2.648336,0.730369
0.070081,2.666511,0.723722
0.064304,2.690761,0.713772
0.059027,2.715011,0.709333
0.054206,2.739261,0.697437
0.049801,2.763511,0.692344
0.045775,2.787761,0.685522
0.040372,2.824161,0.674243
0.035646,2.860561,0.659154
0.029637,2.915186,0.644782
0.024706,2.969811,0.622009
0.019465,3.042661,0.594538
0.015410,3.115511,0.545225
0.010952,3.224811,0.000000
0.004178,3.552811,0.000000
0.145901,2.462736,0.790477
0.139657,2.474836,0.786922
0.135650,2.482886,0.785850
0.129842,2.494986,0.781286
0.124282,2.507086,0.776046
0.120716,2.515136,0.775072
0.115549,2.527236,0.771172
0.110606,2.539336,0.766399
0.105878,2.551436,0.761477
0.099160,2.569611,0.756893
0.094932,2.581711,0.750238
0.090889,2.593811,0.752569
0.085147,2.611986,0.742631
0.079781,2.630161,0.737458
0.074767,2.648336,0.730401
0.070081,2.666511,0.726278
0.064304,2.690761,0.719364
0.059027,2.715011,0.708053
0.054206,2.739261,0.702020
0.049801,2.763511,0.694535
0.045775,2.787761,0.685552
0.040372,2.824161,0.673956
0.035646,2.860561,0.663355
0.029637,2.915186,0.640765
0.024706,2.969811,0.622865
0.019465,3.042661,0.598471
0.015410,3.115511,0.551456
0.010952,3.224811,0.000000
0.004178,3.552811,0.000250
0.145901,2.462736,0.789489
0.139657,2.474836,0.788539
0.135650,2.482886,0.783487
0.129842,2.494986,0.780078
0.124282,2.507086,0.775809
0.120716,2.515136,0.774309
0.115549,2.527236,0.770081
0.110606,2.539336,0.764489
0.105878,2.551436,0.763613
0.099160,2.569611,0.756430
0.094932,2.581711,0.754065
0.090889,2.593811,0.748434
0.085147,2.611986,0.744499
0.079781,2.630161,0.737419
0.074767,2.648336,0.731302
0.070081,2.666511,0.725886
0.064304,2.690761,0.716990
0.059027,2.715011,0.710978
0.054206,2.739261,0.701234
0.049801,2.763511,0.692435
0.045775,2.787761,0.682026
0.040372,2.824161,0.670758
0.035646,2.860561,0.661510
0.029637,2.915186,0.641629
0.024706,2.969811,0.625736
0.019465,3.042661,0.595571
0.015410,3.115511,0.549352
0.010952,3.224811,0.000000
0.004178,3.552811,0.000000
0.145901,2.462736,0.790450
0.139657,2.474836,0.786248
0.135650,2.482886,0.784025
0.129842,2.494986,0.783715
0.124282,2.507086,0.777531
0.120716,2.515136,0.773112
0.115549,2.527236,0.771878
0.110606,2.539336,0.765553
0.105878,2.551436,0.761563
0.099160,2.569611,0.755885
0.094932,2.581711,0.753871
0.090889,2.593811,0.749009
0.085147,2.611986,0.743785
0.079781,2.630161,0.737661
0.074767,2.648336,0.729364
0.070081,2.666511,0.725762
0.064304,2.690761,0.717264
0.059027,2.715011,0.711121
0.054206,2.739261,0.701038
0.049801,2.763511,0.696593
0.045775,2.787761,0.688538
0.040372,2.824161,0.670639
0.035646,2.860561,0.659710
0.029637,2.915186,0.640337
0.024706,2.969811,0.619454
0.019465,3.042661,0.589616
0.015410,3.115511,0.555876
0.010952,3.224811,0.001250
0.004178,3.552811,0.000000
0.145901,2.462736,0.790434
0.139657,2.474836,0.786506
0.135650,2.482886,0.785190
0.129842,2.494986,0.779927
0.124282,2.507086,0.777410
0.120716,2.515136,0.773697
0.115549,2.527236,0.770476
0.110606,2.539336,0.766631
0.105878,2.551436,0.762651
0.099160,2.569611,0.755583
0.094932,2.581711,0.751442
0.090889,2.593811,0.746038
0.085147,2.611986,0.742471
0.079781,2.630161,0.740620
0.074767,2.648336,0.732982
0.070081,2.666511,0.726937
0.064304,2.690761,0.713449
0.059027,2.715011,0.713691
0.054206,2.739261,0.701669
0.049801,2.763511,0.692934
0.045775,2.787761,0.685472
0.040372,2.824161,0.672789
0.035646,2.860561,0.658811
0.029637,2.915186,0.641413
0.024706,2.969811,0.624694
0.019465,3.042661,0.586220
0.015410,3.115511,0.569499
0.010952,3.224811,0.000250
0.004178,3.552811,0.000250
0.145901,2.462736,0.792563
0.139657,2.474836,0.787346
0.135650,2.482886,0.785103
0.129842,2.494986,0.778483
0.124282,2.507086,0.777497
0.120716,2.515136,0.774085
0.115549,2.527236,0.771230
0.110606,2.539336,0.767729
0.105878,2.551436,0.762498
0.099160,2.569611,0.755837
0.094932,2.581711,0.751398
0.090889,2.593811,0.748658
0.085147,2.611986,0.741727
0.079781,2.630161,0.736873
0.074767,2.648336,0.732182
0.070081,2.666511,0.726030
0.064304,2.690761,0.716165
0.059027,2.715011,0.708445
0.054206,2.739261,0.703948
0.049801,2.763511,0.693425
0.045775,2.787761,0.681586
0.040372,2.824161,0.675021
0.035646,2.860561,0.659443
0.029637,2.915186,0.649128
0.024706,2.969811,0.622162
0.019465,3.042661,0.587977
0.015410,3.115511,0.571740
0.010952,3.224811,0.000500
0.004178,3.552811,0.000000
0.145901,2.462736,0.791195
0.139657,2.474836,0.788522
0.135650,2.482886,0.785381
0.129842,2.494986,0.780996
0.124282,2.507086,0.777652
0.120716,2.515136,0.777554
0.115549,2.527236,0.771301
0.110606,2.539336,0.765216
0.105878,2.551436,0.761768
0.099160,2.569611,0.759062
0.094932,2.581711,0.757251
0.090889,2.593811,0.749708
0.085147,2.611986,0.744157
0.079781,2.630161,0.737851
0.074767,2.648336,0.732064
0.070081,2.666511,0.725360
0.064304,2.690761,0.714161
0.059027,2.715011,0.708056
0.054206,2.739261,0.701590
0.049801,2.763511,0.694637
0.045775,2.787761,0.688291
0.040372,2.824161,0.672335
0.035646,2.860561,0.663363
0.029637,2.915186,0.642956
0.024706,2.969811,0.622843
0.019465,3.042661,0.602171
0.015410,3.115511,0.569216
0.010952,3.224811,0.000500
0.004178,3.552811,0.000000
0.145901,2.462736,0.791085
0.139657,2.474836,0.788131
0.135650,2.482886,0.786002
0.129842,2.494986,0.778655
0.124282,2.507086,0.776621
0.120716,2.515136,0.775131
0.115549,2.527236,0.771853
0.110606,2.539336,0.767755
0.105878,2.551436,0.762207
0.099160,2.569611,0.757369
0.094932,2.581711,0.753640
0.090889,2.593811,0.749213
0.085147,2.611986,0.743628
0.079781,2.630161,0.737287
0.074767,2.648336,0.732008
0.070081,2.666511,0.722732
0.064304,2.690761,0.719434
0.059027,2.715011,0.711458
0.054206,2.739261,0.697241
0.049801,2.763511,0.693274
0.045775,2.787761,0.688805
0.040372,2.824161,0.669450
0.035646,2.860561,0.661002
0.029637,2.915186,0.641508
0.024706,2.969811,0.616639
0.019465,3.042661,0.596092
0.015410,3.115511,0.556123
0.010952,3.224811,0.000000
0.004178,3.552811,0.000250
0.145901,2.462736,0.789799
0.139657,2.474836,0.786872
0.135650,2.482886,0.785691
0.129842,2.494986,0.779223
0.124282,2.507086,0.776939
0.120716,2.515136,0.774821
0.115549,2.527236,0.771462
0.110606,2.539336,0.769686
0.105878,2.551436,0.762274
0.099160,2.569611,0.758489
0.094932,2.581711,0.754029
0.090889,2.593811,0.750797
0.085147,2.611986,0.741031
0.079781,2.630161,0.737602
0.074767,2.648336,0.732441
0.070081,2.666511,0.724849
0.064304,2.690761,0.717935
0.059027,2.715011,0.710664
0.054206,2.739261,0.698978
0.049801,2.763511,0.689779
0.045775,2.787761,0.685534
0.040372,2.824161,0.673570
0.035646,2.860561,0.659003
0.029637,2.915186,0.645144
0.024706,2.969811,0.617296
0.019465,3.042661,0.585687
0.015410,3.115511,0.567099
0.010952,3.224811,0.000000
0.004178,3.552811,0.000000
0.145901,2.462736,0.792951
0.139657,2.474836,0.787248
0.135650,2.482886,0.786030
0.129842,2.494986,0.781626
0.124282,2.507086,0.775594
0.120716,2.515136,0.774140
0.115549,2.527236,0.770040
0.110606,2.539336,0.765046
0.105878,2.551436,0.762059
0.099160,2.569611,0.758784
0.094932,2.581711,0.751482
0.090889,2.593811,0.747067
0.085147,2.611986,0.742790
0.079781,2.630161,0.736960
0.074767,2.648336,0.734344
0.070081,2.666511,0.722828
0.064304,2.690761,0.719534
0.059027,2.715011,0.708909
0.054206,2.739261,0.700148
0.049801,2.763511,0.697025
0.045775,2.787761,0.684060
0.040372,2.824161,0.673271
0.035646,2.860561,0.660802
0.029637,2.915186,0.645118
0.024706,2.969811,0.624303
0.019465,3.042661,0.596426
0.015410,3.115511,0.567773
0.010952,3.224811,0.000000
0.004178,3.552811,0.000750
0.145901,2.462736,0.789723
0.139657,2.474836,0.786846
0.135650,2.482886,0.785730
0.129842,2.494986,0.781198
0.124282,2.507086,0.776171
0.120716,2.515136,0.773022
0.115549,2.527236,0.770038
0.110606,2.539336,0.765163
0.105878,2.551436,0.762990
0.099160,2.569611,0.756960
0.094932,2.581711,0.749927
0.090889,2.593811,0.750194
0.085147,2.611986,0.743931
0.079781,2.630161,0.737197
0.074767,2.648336,0.732454
0.070081,2.666511,0.725448
0.064304,2.690761,0.715196
0.059027,2.715011,0.714446
0.054206,2.739261,0.702473
0.049801,2.763511,0.695060
0.045775,2.787761,0.683878
0.040372,2.824161,0.670011
0.035646,2.860561,0.661711
0.029637,2.915186,0.641563
0.024706,2.969811,0.623914
0.019465,3.042661,0.598651
0.015410,3.115511,0.566436
0.010952,3.224811,0.000000
0.004178,3.552811,0.000500
0.145901,2.462736,0.791724
0.139657,2.474836,0.787184
0.135650,2.482886,0.785293
0.129842,2.494986,0.781596
0.124282,2.507086,0.775029
0.120716,2.515136,0.773140
0.115549,2.527236,0.770147
0.110606,2.539336,0.767559
0.105878,2.551436,0.761691
0.099160,2.569611,0.756943
0.094932,2.581711,0.751534
0.090889,2.593811,0.749976
0.085147,2.611986,0.741308
0.079781,2.630161,0.735760
0.074767,2.648336,0.728684
0.070081,2.666511,0.725335
0.064304,2.690761,0.716726
0.059027,2.715011,0.706965
0.054206,2.739261,0.702864
0.049801,2.763511,0.694845
0.045775,2.787761,0.683853
0.040372,2.824161,0.674478
0.035646,2.860561,0.665527
0.029637,2.915186,0.642466
0.024706,2.969811,0.626288
0.019465,3.042661,0.590647
0.015410,3.115511,0.547968
0.010952,3.224811,0.000000
0.004178,3.552811,0.000000
0.145901,2.462736,0.793375
0.139657,2.474836,0.787825
0.135650,2.482886,0.786035
0.129842,2.494986,0.780966
0.124282,2.507086,0.775336
0.120716,2.515136,0.774598
0.115549,2.527236,0.770550
0.110606,2.539336,0.766282
0.105878,2.551436,0.763599
0.099160,2.569611,0.759606
0.094932,2.581711,0.752491
0.090889,2.593811,0.749977
0.085147,2.611986,0.741389
0.079781,2.630161,0.735461
0.074767,2.648336,0.732743
0.070081,2.666511,0.726511
0.064304,2.690761,0.717997
0.059027,2.715011,0.708804
0.054206,2.739261,0.701572
0.049801,2.763511,0.693278
0.045775,2.787761,0.687032
0.040372,2.824161,0.676672
0.035646,2.860561,0.659572
0.029637,2.915186,0.638837
0.024706,2.969811,0.622823
0.019465,3.042661,0.599356
0.015410,3.115511,0.538681
0.010952,3.224811,0.000000
0.004178,3.552811,0.001500
0.145901,2.462736,0.790618
0.139657,2.474836,0.786695
0.135650,2.482886,0.784618
0.129842,2.494986,0.782538
0.124282,2.507086,0.777769
0.120716,2.515136,0.774575
0.115549,2.527236,0.770235
0.110606,2.539336,0.765647
0.105878,2.551436,0.762310
0.099160,2.569611,0.756668
0.094932,2.581711,0.752811
0.090889,2.593811,0.748232
0.085147,2.611986,0.742305
0.079781,2.630161,0.738783
0.074767,2.648336,0.731789
0.070081,2.666511,0.723599
0.064304,2.690761,0.715756
0.059027,2.715011,0.710592
0.054206,2.739261,0.703805
0.049801,2.763511,0.694238
0.045775,2.787761,0.685345
0.040372,2.824161,0.675620
0.035646,2.860561,0.661867
0.029637,2.915186,0.635792
0.024706,2.969811,0.622259
0.019465,3.042661,0.595777
0.015410,3.115511,0.561413
0.010952,3.224811,0.000500
0.004178,3.552811,0.000250
0.145901,2.462736,0.789629
0.139657,2.474836,0.787738
0.135650,2.482886,0.784798
0.129842,2.494986,0.781034
0.124282,2.507086,0.776982
0.120716,2.515136,0.775396
0.115549,2.527236,0.769013
0.110606,2.539336,0.768015
0.105878,2.551436,0.764145
0.099160,2.569611,0.755811
0.094932,2.581711,0.755069
0.090889,2.593811,0.748584
0.085147,2.611986,0.742068
0.079781,2.630161,0.736929
0.074767,2.648336,0.734451
0.070081,2.666511,0.725180
0.064304,2.690761,0.717361
0.059027,2.715011,0.711179
0.054206,2.739261,0.698120
0.049801,2.763511,0.691445
0.045775,2.787761,0.685762
0.040372,2.824161,0.671056
0.035646,2.860561,0.658003
0.029637,2.915186,0.649267
0.024706,2.969811,0.619511
0.019465,3.042661,0.598223
0.015410,3.115511,0.568141
0.010952,3.224811,0.000250
0.004178,3.552811,0.000000
0.145901,2.462736,0.791681
0.139657,2.474836,0.789637
0.135650,2.482886,0.786982
0.129842,2.494986,0.779809
0.124282,2.507086,0.776844
0.120716,2.515136,0.775221
0.115549,2.527236,0.768901
0.110606,2.539336,0.767193
0.105878,2.551436,0.761985
0.099160,2.569611,0.756611
0.094932,2.581711,0.753800
0.090889,2.593811,0.750104
0.085147,2.611986,0.743563
0.079781,2.630161,0.737494
0.074767,2.648336,0.732795
0.070081,2.666511,0.724119
0.064304,2.690761,0.713305
0.059027,2.715011,0.712485
0.054206,2.739261,0.700854
0.049801,2.763511,0.693192
0.045775,2.787761,0.685722
0.040372,2.824161,0.674158
0.035646,2.860561,0.664496
0.029637,2.915186,0.638438
0.024706,2.969811,0.621026
0.019465,3.042661,0.586792
0.015410,3.115511,0.561748
0.010952,3.224811,0.000000
0.004178,3.552811,0.000750
0.145901,2.462736,0.790894
0.139657,2.474836,0.787595
0.135650,2.482886,0.786516
0.129842,2.494986,0.779951
0.124282,2.507086,0.777978
0.120716,2.515136,0.774061
0.115549,2.527236,0.769293
0.110606,2.539336,0.766382
0.105878,2.551436,0.766226
0.099160,2.569611,0.755503
0.094932,2.581711,0.751462
0.090889,2.593811,0.748645
0.085147,2.611986,0.744274
0.079781,2.630161,0.736776
0.074767,2.648336,0.732484
0.070081,2.666511,0.724736
0.064304,2.690761,0.718359
0.059027,2.715011,0.710415
0.054206,2.739261,0.700307
0.049801,2.763511,0.693375
0.045775,2.787761,0.684582
0.040372,2.824161,0.671253
0.035646,2.860561,0.657085
0.029637,2.915186,0.641407
0.024706,2.969811,0.624751
0.019465,3.042661,0.590000
0.015410,3.115511,0.562932
0.010952,3.224811,0.000250
0.004178,3.552811,0.000000
0.145901,2.462736,0.792959
0.139657,2.474836,0.787400
0.135650,2.482886,0.784383
0.129842,2.494986,0.779896
0.124282,2.507086,0.778039
0.120716,2.515136,0.774860
0.115549,2.527236,0.770116
0.110606,2.539336,0.768335
0.105878,2.551436,0.763520
0.099160,2.569611,0.757544
0.094932,2.581711,0.752927
0.090889,2.593811,0.748300
0.085147,2.611986,0.744158
0.079781,2.630161,0.736453
0.074767,2.648336,0.730612
0.070081,2.666511,0.726103
0.064304,2.690761,0.716501
0.059027,2.715011,0.708206
0.054206,2.739261,0.701342
0.049801,2.763511,0.694519
0.045775,2.787761,0.683611
0.040372,2.824161,0.674297
0.035646,2.860561,0.664839
0.029637,2.915186,0.643092
0.024706,2.969811,0.622059
0.019465,3.042661,0.589965
0.015410,3.115511,0.565755
0.010952,3.224811,0.000000
0.004178,3.552811,0.000000
0.145901,2.462736,0.791320
0.139657,2.474836,0.785708
0.135650,2.482886,0.785144
0.129842,2.494986,0.781239
0.124282,2.507086,0.777017
0.120716,2.515136,0.774718
0.115549,2.527236,0.769538
0.110606,2.539336,0.765217
0.105878,2.551436,0.762171
0.099160,2.569611,0.754865
0.094932,2.581711,0.752148
0.090889,2.593811,0.747334
0.085147,2.611986,0.742371
0.079781,2.630161,0.740035
0.074767,2.648336,0.731368
0.070081,2.666511,0.725372
0.064304,2.690761,0.715004
0.059027,2.715011,0.707468
0.054206,2.739261,0.700535
0.049801,2.763511,0.690764
0.045775,2.787761,0.685115
0.040372,2.824161,0.669554
0.035646,2.860561,0.660474
0.029637,2.915186,0.641417
0.024706,2.969811,0.621400
0.019465,3.042661,0.592995
0.015410,3.115511,0.564704
0.010952,3.224811,0.000000
0.004178,3.552811,0.000250
0.145901,2.462736,0.791910
0.139657,2.474836,0.787684
0.135650,2.482886,0.784844
0.129842,2.494986,0.780968
0.124282,2.507086,0.776175
0.120716,2.515136,0.775399
0.115549,2.527236,0.770127
0.110606,2.539336,0.766806
0.105878,2.551436,0.763453
0.099160,2.569611,0.757382
0.094932,2.581711,0.751845
0.090889,2.593811,0.747964
0.085147,2.611986,0.742757
0.079781,2.630161,0.736188
0.074767,2.648336,0.731609
0.070081,2.666511,0.725526
0.064304,2.690761,0.719029
0.059027,2.715011,0.709400
0.054206,2.739261,0.699713
0.049801,2.763511,0.692370
0.045775,2.787761,0.688349
0.040372,2.824161,0.670663
0.035646,2.860561,0.660594
0.029637,2.915186,0.642756
0.024706,2.969811,0.624023
0.019465,3.042661,0.598244
0.015410,3.115511,0.575195
0.010952,3.224811,0.000000
0.004178,3.552811,0.000250
0.145901,2.462736,0.791333
0.139657,2.474836,0.786087
0.135650,2.482886,0.785504
0.129842,2.494986,0.781397
0.124282,2.507086,0.776595
0.120716,2.515136,0.772115
0.115549,2.527236,0.772098
0.110606,2.539336,0.765471
0.105878,2.551436,0.762564
0.099160,2.569611,0.758009
0.094932,2.581711,0.753967
0.090889,2.593811,0.748011
0.085147,2.611986,0.742446
0.079781,2.630161,0.740249
0.074767,2.648336,0.730441
0.070081,2.666511,0.724322
0.064304,2.690761,0.716116
0.059027,2.715011,0.709003
0.054206,2.739261,0.705198
0.049801,2.763511,0.694330
0.045775,2.787761,0.682374
0.040372,2.824161,0.672230
0.035646,2.860561,0.656445
0.029637,2.915186,0.641471
0.024706,2.969811,0.623995
0.019465,3.042661,0.581907
0.015410,3.115511,0.549287
0.010952,3.224811,0.000250
0.004178,3.552811,0.000250
0.145901,2.462736,0.789394
0.139657,2.474836,0.787661
0.135650,2.482886,0.783749
0.129842,2.494986,0.780499
0.124282,2.507086,0.776945
0.120716,2.515136,0.774627
0.115549,2.527236,0.770921
0.110606,2.539336,0.766950
0.105878,2.551436,0.763347
0.099160,2.569611,0.757761
0.094932,2.581711,0.752224
0.090889,2.593811,0.746621
0.085147,2.611986,0.744971
0.079781,2.630161,0.732532
0.074767,2.648336,0.730645
0.070081,2.666511,0.725447
0.064304,2.690761,0.717280
0.059027,2.715011,0.711002
0.054206,2.739261,0.700985
0.049801,2.763511,0.691931
0.045775,2.787761,0.688757
0.040372,2.824161,0.674376
0.035646,2.860561,0.656633
0.029637,2.915186,0.644917
0.024706,2.969811,0.621892
0.019465,3.042661,0.595169
0.015410,3.115511,0.561727
0.010952,3.224811,0.000000
0.004178,3.552811,0.000250
0.145901,2.462736,0.791830
0.139657,2.474836,0.788080
0.135650,2.482886,0.783099
0.129842,2.494986,0.780782
0.124282,2.507086,0.780010
0.120716,2.515136,0.773739
0.115549,2.527236,0.770406
0.110606,2.539336,0.766376
0.105878,2.551436,0.764376
0.099160,2.569611,0.756117
0.094932,2.581711,0.752775
0.090889,2.593811,0.750173
0.085147,2.611986,0.742451
0.079781,2.630161,0.736945
0.074767,2.648336,0.730923
0.070081,2.666511,0.722070
0.064304,2.690761,0.715679
0.059027,2.715011,0.707740
0.054206,2.739261,0.699509
0.049801,2.763511,0.693713
0.045775,2.787761,0.684556
0.040372,2.824161,0.673107
0.035646,2.860561,0.663348
0.029637,2.915186,0.641938
0.024706,2.969811,0.622384
0.019465,3.042661,0.590637
0.015410,3.115511,0.553647
0.010952,3.224811,0.001000
0.004178,3.552811,0.000500
0.145901,2.462736,0.792296
0.139657,2.474836,0.787006
0.135650,2.482886,0.783582
0.129842,2.494986,0.780933
0.124282,2.507086,0.776699
0.120716,2.515136,0.774301
0.115549,2.527236,0.770767
0.110606,2.539336,0.768145
0.105878,2.551436,0.760609
0.099160,2.569611,0.754851
0.094932,2.581711,0.754518
0.090889,2.593811,0.749479
0.085147,2.611986,0.741848
0.079781,2.630161,0.736980
0.074767,2.648336,0.729886
0.070081,2.666511,0.724702
0.064304,2.690761,0.717815
0.059027,2.715011,0.709905
0.054206,2.739261,0.702411
0.049801,2.763511,0.690047
0.045775,2.787761,0.687462
0.040372,2.824161,0.671557
0.035646,2.860561,0.660672
0.029637,2.915186,0.643455
0.024706,2.969811,0.622453
0.019465,3.042661,0.588987
0.015410,3.115511,0.567061
0.010952,3.224811,0.000250
0.004178,3.552811,0.000000
0.145901,2.462736,0.789651
0.139657,2.474836,0.787897
0.135650,2.482886,0.785999
0.129842,2.494986,0.781512
0.124282,2.507086,0.780540
0.120716,2.515136,0.774847
0.115549,2.527236,0.770737
0.110606,2.539336,0.766826
0.105878,2.551436,0.762528
0.099160,2.569611,0.756993
0.094932,2.581711,0.755077
0.090889,2.593811,0.747557
0.085147,2.611986,0.745176
0.079781,2.630161,0.738557
0.074767,2.648336,0.730546
0.070081,2.666511,0.726022
0.064304,2.690761,0.715815
0.059027,2.715011,0.711355
0.054206,2.739261,0.700988
0.049801,2.763511,0.693363
0.045775,2.787761,0.681499
0.040372,2.824161,0.672354
0.035646,2.860561,0.661856
0.029637,2.915186,0.647437
0.024706,2.969811,0.623452
0.019465,3.042661,0.596920
0.015410,3.115511,0.553512
0.010952,3.224811,0.000250
0.004178,3.552811,0.000000
0.145901,2.462736,0.791562
0.139657,2.474836,0.787723
0.135650,2.482886,0.784795
0.129842,2.494986,0.781797
0.124282,2.507086,0.777431
0.120716,2.515136,0.773589
0.115549,2.527236,0.769329
0.110606,2.539336,0.767629
0.105878,2.551436,0.760980
0.099160,2.569611,0.756724
0.094932,2.581711,0.752638
0.090889,2.593811,0.750631
0.085147,2.611986,0.744408
0.079781,2.630161,0.736949
0.074767,2.648336,0.730936
0.070081,2.666511,0.722627
0.064304,2.690761,0.717935
0.059027,2.715011,0.707611
0.054206,2.739261,0.698869
0.049801,2.763511,0.694620
0.045775,2.787761,0.684644
0.040372,2.824161,0.674151
0.035646,2.860561,0.660332
0.029637,2.915186,0.641460
0.024706,2.969811,0.620762
0.019465,3.042661,0.598794
0.015410,3.115511,0.549775
0.010952,3.224811,0.000500
0.004178,3.552811,0.000250
0.145901,2.462736,0.789784
0.139657,2.474836,0.787404
0.135650,2.482886,0.785121
0.129842,2.494986,0.780222
0.124282,2.507086,0.777003
0.120716,2.515136,0.775558
0.115549,2.527236,0.771209
0.110606,2.539336,0.767352
0.105878,2.551436,0.763128
0.099160,2.569611,0.755565
0.094932,2.581711,0.750457
0.090889,2.593811,0.749108
0.085147,2.611986,0.744345
0.079781,2.630161,0.735985
0.074767,2.648336,0.729272
0.070081,2.666511,0.723888
0.064304,2.690761,0.714206
0.059027,2.715011,0.707464
0.054206,2.739261,0.699152
0.049801,2.763511,0.695125
0.045775,2.787761,0.686211
0.040372,2.824161,0.670734
0.035646,2.860561,0.655405
0.029637,2.915186,0.641063
0.024706,2.969811,0.629093
0.019465,3.042661,0.595517
0.015410,3.115511,0.559309
0.010952,3.224811,0.000000
0.004178,3.552811,0.000000
0.145901,2.462736,0.789534
0.139657,2.474836,0.787409
0.135650,2.482886,0.783895
0.129842,2.494986,0.781956
0.124282,2.507086,0.776435
0.120716,2.515136,0.774950
0.115549,2.527236,0.771694
0.110606,2.539336,0.766017
0.105878,2.551436,0.764295
0.099160,2.569611,0.756941
0.094932,2.581711,0.751709
0.090889,2.593811,0.747518
0.085147,2.611986,0.741790
0.079781,2.630161,0.736181
0.074767,2.648336,0.728399
0.070081,2.666511,0.725662
0.064304,2.690761,0.717734
0.059027,2.715011,0.707023
0.054206,2.739261,0.701774
0.049801,2.763511,0.692890
0.045775,2.787761,0.685064
0.040372,2.824161,0.669544
0.035646,2.860561,0.662539
0.029637,2.915186,0.648168
0.024706,2.969811,0.621453
0.019465,3.042661,0.597931
0.015410,3.115511,0.565692
0.010952,3.224811,0.000500
0.004178,3.552811,0.000000
0.145901,2.462736,0.792882
0.139657,2.474836,0.787614
0.135650,2.482886,0.785143
0.129842,2.494986,0.781110
0.124282,2.507086,0.777848
0.120716,2.515136,0.774994
0.115549,2.527236,0.770583
0.110606,2.539336,0.766347
0.105878,2.551436,0.763553
0.099160,2.569611,0.755729
0.094932,2.581711,0.753714
0.090889,2.593811,0.748241
0.085147,2.611986,0.744497
0.079781,2.630161,0.737115
0.074767,2.648336,0.729040
0.070081,2.666511,0.722520
0.064304,2.690761,0.718062
0.059027,2.715011,0.712362
0.054206,2.739261,0.698269
0.049801,2.763511,0.693850
0.045775,2.787761,0.685044
0.040372,2.824161,0.673505
0.035646,2.860561,0.659695
0.029637,2.915186,0.644238
0.024706,2.969811,0.621282
0.019465,3.042661,0.587263
0.015410,3.115511,0.563753
0.010952,3.224811,0.000000
0.004178,3.552811,0.000250
0.145901,2.462736,0.790461
0.139657,2.474836,0.787514
0.135650,2.482886,0.784591
0.129842,2.494986,0.781734
0.124282,2.507086,0.779588
0.120716,2.515136,0.772916
0.115549,2.527236,0.770170
0.110606,2.539336,0.766732
0.105878,2.551436,0.762016
0.099160,2.569611,0.757219
0.094932,2.581711,0.751541
0.090889,2.593811,0.747706
0.085147,2.611986,0.741689
0.079781,2.630161,0.737285
0.074767,2.648336,0.731220
0.070081,2.666511,0.722065
0.064304,2.690761,0.718472
0.059027,2.715011,0.707754
0.054206,2.739261,0.701238
0.049801,2.763511,0.689315
0.045775,2.787761,0.684291
0.040372,2.824161,0.672854
0.035646,2.860561,0.662369
0.029637,2.915186,0.642640
0.024706,2.969811,0.614276
0.019465,3.042661,0.589796
0.015410,3.115511,0.548347
0.010952,3.224811,0.000250
0.004178,3.552811,0.000000
0.145901,2.462736,0.791636
0.139657,2.474836,0.786995
0.135650,2.482886,0.784762
0.129842,2.494986,0.781836
0.124282,2.507086,0.776826
0.120716,2.515136,0.775242
0.115549,2.527236,0.770422
0.110606,2.539336,0.765948
0.105878,2.551436,0.761744
0.099160,2.569611,0.756014
0.094932,2.581711,0.752257
0.090889,2.593811,0.748630
0.085147,2.611986,0.741804
0.079781,2.630161,0.736016
0.074767,2.648336,0.730839
0.070081,2.666511,0.726726
0.064304,2.690761,0.717949
0.059027,2.715011,0.712974
0.054206,2.739261,0.699731
0.049801,2.763511,0.694480
0.045775,2.787761,0.686593
0.040372,2.824161,0.672051
0.035646,2.860561,0.658686
0.029637,2.915186,0.642216
0.024706,2.969811,0.616617
0.019465,3.042661,0.593409
0.015410,3.115511,0.561628
0.010952,3.224811,0.000250
0.004178,3.552811,0.000000
0.145901,2.462736,0.791514
0.139657,2.474836,0.786986
0.135650,2.482886,0.782875
0.129842,2.494986,0.781663
0.124282,2.507086,0.778176
0.120716,2.515136,0.773616
0.115549,2.527236,0.770411
0.110606,2.539336,0.766141
0.105878,2.551436,0.763476
0.099160,2.569611,0.757980
0.094932,2.581711,0.755143
0.090889,2.593811,0.747715
0.085147,2.611986,0.741670
0.079781,2.630161,0.736414
0.074767,2.648336,0.731926
0.070081,2.666511,0.724702
0.064304,2.690761,0.714225
0.059027,2.715011,0.709019
0.054206,2.739261,0.698901
0.049801,2.763511,0.691544
0.045775,2.787761,0.685205
0.040372,2.824161,0.676872
0.035646,2.860561,0.659839
0.029637,2.915186,0.640999
0.024706,2.969811,0.627311
0.019465,3.042661,0.600798
0.015410,3.115511,0.564247
0.010952,3.224811,0.000000
0.004178,3.552811,0.000000
0.145901,2.462736,0.789858
0.139657,2.474836,0.786217
0.135650,2.482886,0.783706
0.129842,2.494986,0.780607
0.124282,2.507086,0.776008
0.120716,2.515136,0.773384
0.115549,2.527236,0.771501
0.110606,2.539336,0.767154
0.105878,2.551436,0.764710
0.099160,2.569611,0.757538
0.094932,2.581711,0.755065
0.090889,2.593811,0.747839
0.085147,2.611986,0.742633
0.079781,2.630161,0.734076
0.074767,2.648336,0.731886
0.070081,2.666511,0.725992
0.064304,2.690761,0.716054
0.059027,2.715011,0.709029
0.054206,2.739261,0.702515
0.049801,2.763511,0.693359
0.045775,2.787761,0.682880
0.040372,2.824161,0.668084
0.035646,2.860561,0.660606
0.029637,2.915186,0.638076
0.024706,2.969811,0.619779
0.019465,3.042661,0.593745
0.015410,3.115511,0.564480
0.010952,3.224811,0.000250
0.004178,3.552811,0.000000
0.145901,2.462736,0.793003
0.139657,2.474836,0.787396
0.135650,2.482886,0.783546
0.129842,2.494986,0.781819
0.124282,2.507086,0.778368
0.120716,2.515136,0.773498
0.115549,2.527236,0.771035
0.110606,2.539336,0.765347
0.105878,2.551436,0.763706
0.099160,2.569611,0.759152
0.094932,2.581711,0.753594
0.090889,2.593811,0.748231
0.085147,2.611986,0.744458
0.079781,2.630161,0.733027
0.074767,2.648336,0.730472
0.070081,2.666511,0.720879
0.064304,2.690761,0.718350
0.059027,2.715011,0.709051
0.054206,2.739261,0.696777
0.049801,2.763511,0.693364
0.045775,2.787761,0.684088
0.040372,2.824161,0.675899
0.035646,2.860561,0.656144
0.029637,2.915186,0.645138
0.024706,2.969811,0.622557
0.019465,3.042661,0.594002
0.015410,3.115511,0.571420
0.010952,3.224811,0.000000
0.004178,3.552811,0.000000
0.145901,2.462736,0.789772
0.139657,2.474836,0.788520
0.135650,2.482886,0.784716
0.129842,2.494986,0.782510
0.124282,2.507086,0.777211
0.120716,2.515136,0.774724
0.115549,2.527236,0.770461
0.110606,2.539336,0.767631
0.105878,2.551436,0.761131
0.099160,2.569611,0.758011
0.094932,2.581711,0.751713
0.090889,2.593811,0.746594
0.085147,2.611986,0.743884
0.079781,2.630161,0.736491
0.074767,2.648336,0.731051
0.070081,2.666511,0.727110
0.064304,2.690761,0.715687
0.059027,2.715011,0.711045
0.054206,2.739261,0.701399
0.049801,2.763511,0.695557
0.045775,2.787761,0.685924
0.040372,2.824161,0.673513
0.035646,2.860561,0.657374
0.029637,2.915186,0.643418
0.024706,2.969811,0.627423
0.019465,3.042661,0.598367
0.015410,3.115511,0.557691
0.010952,3.224811,0.000250
0.004178,3.552811,0.000000
0.145901,2.462736,0.792013
0.139657,2.474836,0.789153
0.135650,2.482886,0.783868
0.129842,2.494986,0.780541
0.124282,2.507086,0.778886
0.120716,2.515136,0.773606
0.115549,2.527236,0.771457
0.110606,2.539336,0.766908
0.105878,2.551436,0.762244
0.099160,2.569611,0.756977
0.094932,2.581711,0.751916
0.090889,2.593811,0.748109
0.085147,2.611986,0.742065
0.079781,2.630161,0.736888
0.074767,2.648336,0.730414
0.070081,2.666511,0.723838
0.064304,2.690761,0.714889
0.059027,2.715011,0.707767
0.054206,2.739261,0.701237
0.049801,2.763511,0.691576
0.045775,2.787761,0.683167
0.040372,2.824161,0.677439
0.035646,2.860561,0.663571
0.029637,2.915186,0.637521
0.024706,2.969811,0.620588
0.019465,3.042661,0.591763
0.015410,3.115511,0.554369
0.010952,3.224811,0.000000
0.004178,3.552811,0.000000
